iteration,game_number,move_number,player,from_row,from_col,to_row,to_col,action_id
0,1,1,1,0,7,1,7,463
0,1,2,-1,7,5,3,5,3933
0,1,3,1,0,4,4,4,292
0,1,4,-1,7,7,6,7,4087
0,1,5,1,0,1,4,1,97
0,1,6,-1,3,5,3,0,1880
0,1,7,1,0,5,7,5,381
0,1,8,-1,7,6,7,7,4031
0,1,9,1,0,3,1,3,203
0,1,10,-1,6,7,6,1,3569
0,1,11,1,4,4,4,2,2338
0,1,12,-1,3,0,3,6,1566
0,1,13,1,4,2,2,2,2194
0,1,14,-1,7,4,1,4,3852
0,1,15,1,2,2,6,2,1202
0,1,16,-1,3,6,3,7,1951
0,1,17,1,0,6,5,6,430
0,1,18,-1,3,7,3,5,2013
0,1,19,1,1,3,6,3,755
0,1,20,-1,3,5,3,2,1882
0,1,21,1,4,1,4,0,2144
0,1,22,-1,3,2,3,4,1692
0,1,23,1,0,0,1,0,8
0,1,24,-1,3,4,3,5,1821
0,1,25,1,4,0,5,0,2088
0,1,26,-1,6,1,2,1,3153
0,1,27,1,6,3,6,4,3316
0,1,28,-1,3,5,7,5,1917
0,1,29,1,1,7,4,7,999
0,1,30,-1,7,1,6,1,3697
0,1,31,1,0,2,0,7,135
0,1,32,-1,7,5,2,5,3925
0,1,33,1,4,7,4,4,2532
0,1,34,-1,7,3,7,6,3838
0,1,35,1,5,0,5,4,2604
0,1,36,-1,7,2,5,2,3754
0,1,37,1,4,4,2,4,2324
0,1,38,-1,2,5,7,5,1405
0,1,39,1,5,4,3,4,2844
0,1,40,-1,7,5,3,5,3933
0,1,41,1,6,4,6,7,3383
0,1,42,-1,3,5,6,5,1909
0,1,43,1,3,4,3,5,1821
0,1,44,-1,5,2,6,2,2738
0,1,45,1,1,0,1,2,522
0,1,46,-1,7,0,0,0,3584
0,1,47,1,5,6,5,4,2988
0,1,48,-1,6,1,4,1,3169
0,1,49,1,0,7,4,7,487
0,1,50,-1,7,6,7,4,4028
0,1,51,1,5,4,4,4,2852
0,1,52,-1,7,4,7,1,3897
0,1,53,1,4,7,2,7,2519
0,1,54,-1,6,2,6,4,3252
0,1,55,1,4,4,5,4,2348
0,1,56,-1,7,1,7,4,3708
0,1,57,1,5,4,3,4,2844
0,1,58,-1,6,4,6,3,3379
0,1,59,1,6,7,5,7,3567
0,1,60,-1,0,0,7,0,56
0,1,61,1,1,2,3,2,666
0,1,62,-1,7,4,7,5,3901
0,1,63,1,5,7,5,1,3049
0,1,64,-1,7,7,6,7,4087
0,1,65,1,3,5,0,5,1861
0,1,66,-1,4,1,4,6,2150
0,1,67,1,3,2,2,2,1682
0,1,68,-1,4,6,4,7,2471
0,1,69,1,3,4,3,5,1821
0,1,70,-1,7,5,7,6,3966
0,1,71,1,3,5,3,4,1884
0,1,72,-1,6,5,6,6,3446
0,1,73,1,2,2,0,2,1154
0,2,1,1,0,5,4,5,357
0,2,2,-1,7,3,5,3,3819
0,2,3,1,0,4,0,5,261
0,2,4,-1,7,2,1,2,3722
0,2,5,1,0,7,3,7,479
0,2,6,-1,7,1,6,1,3697
0,2,7,1,0,6,5,6,430
0,2,8,-1,1,2,1,3,651
0,2,9,1,3,7,3,1,2009
0,2,10,-1,1,3,1,6,718
0,2,11,1,3,1,3,6,1630
0,2,12,-1,6,1,2,1,3153
0,2,13,1,0,0,6,0,48
0,2,14,-1,2,1,6,1,1137
0,2,15,1,3,6,5,6,1966
0,2,16,-1,1,6,1,3,907
0,2,17,1,4,5,1,5,2381
0,2,18,-1,1,3,2,3,723
0,2,19,1,5,6,2,6,2966
0,2,20,-1,7,5,6,5,3957
0,2,21,1,0,1,1,1,73
0,2,22,-1,7,7,6,7,4087
0,2,23,1,2,6,0,6,1414
0,2,24,-1,7,6,7,7,4031
0,2,25,1,1,1,1,2,586
0,2,26,-1,7,0,7,2,3642
0,2,27,1,0,3,0,4,196
0,2,28,-1,6,1,7,1,3193
0,2,29,1,0,4,2,4,276
0,2,30,-1,5,3,4,3,2787
0,2,31,1,0,2,0,4,132
0,2,32,-1,6,5,6,6,3446
0,2,33,1,1,5,6,5,885
0,2,34,-1,7,1,6,1,3697
0,2,35,1,0,6,5,6,430
0,2,36,-1,4,3,4,5,2277
0,2,37,1,0,5,0,6,326
0,2,38,-1,2,3,1,3,1227
0,2,39,1,5,6,2,6,2966
0,2,40,-1,7,2,5,2,3754
0,2,41,1,0,4,1,4,268
0,2,42,-1,5,2,5,3,2731
0,2,43,1,6,0,3,0,3096
0,2,44,-1,6,1,7,1,3193
0,2,45,1,3,0,7,0,1592
0,2,46,-1,7,4,4,4,3876
0,2,47,1,1,2,3,2,666
0,2,48,-1,6,6,6,2,3506
0,2,49,1,3,2,3,6,1694
0,2,50,-1,6,2,6,4,3252
0,2,51,1,3,6,3,0,1944
0,2,52,-1,4,5,7,5,2429
0,2,53,1,0,6,0,0,384
0,2,54,-1,6,4,6,5,3381
0,2,55,1,2,6,2,7,1431
0,2,56,-1,4,4,4,2,2338
0,2,57,1,1,4,1,5,781
0,2,58,-1,4,2,1,2,2186
0,2,59,1,3,0,4,0,1568
0,2,60,-1,5,3,6,3,2803
0,2,61,1,0,0,0,1,1
0,2,62,-1,6,3,6,4,3316
0,2,63,1,0,1,4,1,97
0,2,64,-1,1,2,3,2,666
0,2,65,1,4,1,4,5,2149
0,2,66,-1,6,7,3,7,3551
0,2,67,1,1,5,1,6,846
0,2,68,-1,6,4,6,1,3377
0,2,69,1,2,4,3,4,1308
0,2,70,-1,6,5,6,7,3447
0,2,71,1,4,0,0,0,2048
0,2,72,-1,6,1,6,4,3188
0,2,73,1,2,7,2,3,1491
0,2,74,-1,7,1,7,4,3708
0,2,75,1,1,6,1,7,911
0,2,76,-1,3,2,0,2,1666
0,2,77,1,7,0,3,0,3608
0,2,78,-1,0,2,7,2,186
0,2,79,1,3,0,3,2,1562
0,2,80,-1,6,7,6,6,3574
0,2,81,1,0,0,5,0,40
0,2,82,-1,7,5,7,6,3966
0,2,83,1,3,4,0,4,1796
0,2,84,-1,6,6,3,6,3486
0,2,85,1,4,5,1,5,2381
0,2,86,-1,3,6,3,4,1948
0,2,87,1,0,4,0,0,256
0,2,88,-1,6,4,6,6,3382
0,2,89,1,1,5,3,5,861
0,2,90,-1,6,6,5,6,3502
0,2,91,1,1,7,1,4,972
0,2,92,-1,5,6,1,6,2958
0,2,93,1,3,2,1,2,1674
0,2,94,-1,7,4,5,4,3884
0,2,95,1,3,5,3,1,1881
0,2,96,-1,3,7,0,7,1991
0,2,97,1,1,2,1,3,651
0,2,98,-1,0,7,3,7,479
0,2,99,1,0,0,1,0,8
0,2,100,-1,5,4,5,5,2861
0,2,101,1,1,4,1,5,781
0,2,102,-1,3,7,3,5,2013
0,2,103,1,1,3,1,1,713
0,2,104,-1,7,6,6,6,4022
0,2,105,1,1,5,2,5,853
0,2,106,-1,7,2,7,4,3772
0,2,107,1,2,5,2,4,1364
0,2,108,-1,1,6,1,4,908
0,2,109,1,5,0,2,0,2576
0,2,110,-1,7,4,2,4,3860
0,2,111,1,2,0,4,0,1056
0,2,112,-1,6,6,2,6,3478
0,2,113,1,1,1,2,1,593
0,2,114,-1,2,6,4,6,1446
0,2,115,1,2,3,2,2,1234
0,2,116,-1,5,5,5,4,2924
0,2,117,1,1,0,0,0,512
0,2,118,-1,2,4,3,4,1308
0,2,119,1,2,2,5,2,1194
0,2,120,-1,4,6,4,1,2465
0,2,121,1,2,1,2,0,1104
0,2,122,-1,7,7,7,2,4090
0,2,123,1,3,1,2,1,1617
0,2,124,-1,3,5,6,5,1909
0,2,125,1,2,1,2,6,1110
0,2,126,-1,7,2,7,1,3769
0,2,127,1,2,0,2,1,1041
0,2,128,-1,5,4,5,3,2859
0,2,129,1,2,6,2,4,1428
0,2,130,-1,5,3,5,6,2798
0,2,131,1,2,1,0,1,1089
0,2,132,-1,5,6,1,6,2958
0,2,133,1,5,2,3,2,2714
0,2,134,-1,4,1,4,5,2149
0,2,135,1,3,2,4,2,1698
0,2,136,-1,1,4,1,5,781
0,2,137,1,0,0,1,0,8
0,2,138,-1,3,4,5,4,1836
0,2,139,1,1,0,1,2,522
0,2,140,-1,1,5,1,4,844
0,2,141,1,0,1,0,0,64
0,2,142,-1,5,4,2,4,2836
0,2,143,1,4,0,6,0,2096
0,2,144,-1,6,5,6,7,3447
0,2,145,1,4,2,4,0,2208
0,2,146,-1,7,1,6,1,3697
0,2,147,1,0,0,0,2,2
0,2,148,-1,2,4,7,4,1340
0,2,149,1,1,2,6,2,690
0,2,150,-1,1,4,0,4,772
0,2,151,1,4,0,5,0,2088
0,2,152,-1,7,4,7,7,3903
0,2,153,1,6,2,1,2,3210
0,2,154,-1,4,5,1,5,2381
0,2,155,1,1,2,2,2,658
0,2,156,-1,0,4,6,4,308
0,2,157,1,5,0,5,3,2603
0,2,158,-1,6,4,6,6,3382
0,2,159,1,0,2,0,6,134
0,2,160,-1,1,6,5,6,942
0,2,161,1,6,0,6,1,3121
0,2,162,-1,1,5,1,0,840
0,2,163,1,2,2,2,3,1171
0,2,164,-1,7,7,7,3,4091
0,2,165,1,5,3,4,3,2787
0,2,166,-1,1,0,0,0,512
0,2,167,1,4,3,4,2,2274
0,2,168,-1,0,0,6,0,48
0,2,169,1,4,2,4,5,2213
0,2,170,-1,6,7,1,7,3535
0,2,171,1,2,3,2,4,1236
0,2,172,-1,7,3,5,3,3819
0,2,173,1,0,6,0,1,385
0,2,174,-1,5,3,2,3,2771
0,2,175,1,2,4,6,4,1332
0,2,176,-1,1,7,7,7,1023
0,2,177,1,0,1,0,7,71
0,2,178,-1,2,3,3,3,1243
0,2,179,1,0,7,0,5,453
0,2,180,-1,3,3,2,3,1747
0,2,181,1,6,4,6,3,3379
0,2,182,-1,2,3,2,4,1236
0,2,183,1,6,3,2,3,3283
0,2,184,-1,2,4,7,4,1340
0,2,185,1,0,5,0,2,322
0,2,186,-1,7,7,7,6,4094
0,2,187,1,2,3,3,3,1243
0,2,188,-1,7,4,5,4,3884
0,2,189,1,4,5,7,5,2429
0,2,190,-1,7,6,7,7,4031
0,2,191,1,0,2,0,1,129
0,2,192,-1,5,4,2,4,2836
0,2,193,1,3,3,3,4,1756
0,2,194,-1,2,4,2,2,1298
0,2,195,1,7,5,7,2,3962
0,2,196,-1,2,2,0,2,1154
0,2,197,1,0,1,5,1,105
0,2,198,-1,7,7,5,7,4079
0,2,199,1,5,1,5,3,2667
0,2,200,-1,6,6,6,4,3508
0,2,201,1,5,3,2,3,2771
0,2,202,-1,6,4,5,4,3372
0,2,203,1,7,2,7,7,3775
0,2,204,-1,0,2,0,5,133
0,2,205,1,2,3,6,3,1267
0,2,206,-1,0,5,1,5,333
0,2,207,1,3,4,3,5,1821
0,2,208,-1,5,4,4,4,2852
0,2,209,1,6,3,6,1,3313
0,2,210,-1,5,6,5,3,2987
0,2,211,1,6,1,1,1,3145
0,2,212,-1,1,5,1,4,844
0,2,213,1,3,5,6,5,1909
0,2,214,-1,5,3,5,6,2798
0,2,215,1,6,5,6,6,3446
0,2,216,-1,6,0,6,5,3125
0,2,217,1,1,1,6,1,625
0,2,218,-1,4,4,7,4,2364
0,2,219,1,6,1,5,1,3177
0,2,220,-1,1,4,1,7,783
0,2,221,1,5,1,5,5,2669
0,2,222,-1,1,7,0,7,967
0,2,223,1,5,5,4,5,2917
0,2,224,-1,5,6,3,6,2974
0,2,225,1,6,6,5,6,3502
0,2,226,-1,7,4,1,4,3852
0,2,227,1,4,5,4,6,2406
0,2,228,-1,3,6,2,6,1942
0,2,229,1,7,7,7,5,4093
0,2,230,-1,0,7,0,1,449
0,2,231,1,7,5,7,3,3963
0,2,232,-1,0,1,0,0,64
0,2,233,1,4,6,3,6,2462
0,2,234,-1,1,4,3,4,796
0,2,235,1,5,6,7,6,3006
0,2,236,-1,2,6,2,5,1429
0,2,237,1,7,3,3,3,3803
0,2,238,-1,2,5,2,4,1364
0,2,239,1,7,6,6,6,4022
0,2,240,-1,0,0,7,0,56
0,2,241,1,3,3,1,3,1739
0,2,242,-1,2,4,6,4,1332
0,2,243,1,3,6,3,0,1944
0,2,244,-1,6,4,3,4,3356
0,2,245,1,1,3,0,3,707
0,2,246,-1,7,0,7,7,3647
0,2,247,1,3,0,3,1,1561
0,2,248,-1,3,4,3,7,1823
0,2,249,1,0,3,0,4,196
0,2,250,-1,7,7,7,2,4090
0,2,251,1,0,4,1,4,268
0,2,252,-1,3,7,3,3,2011
0,2,253,1,1,4,1,5,781
0,2,254,-1,3,3,6,3,1779
0,2,255,1,6,6,6,5,3509
0,2,256,-1,5,7,7,7,3071
0,2,257,1,1,5,0,5,837
0,2,258,-1,6,3,0,3,3267
0,2,259,1,3,1,6,1,1649
0,2,260,-1,0,3,2,3,211
0,2,261,1,6,5,6,7,3447
0,2,262,-1,7,2,2,2,3730
0,2,263,1,0,5,0,1,321
0,2,264,-1,2,2,7,2,1210
0,2,265,1,0,1,4,1,97
0,2,266,-1,2,3,2,4,1236
0,2,267,1,4,1,1,1,2121
0,2,268,-1,2,4,2,5,1301
0,2,269,1,6,7,5,7,3567
0,2,270,-1,2,5,6,5,1397
0,2,271,1,6,1,4,1,3169
0,2,272,-1,7,7,7,6,4094
0,2,273,1,5,7,5,1,3049
0,2,274,-1,6,5,6,4,3444
0,2,275,1,5,1,5,6,2670
0,2,276,-1,6,4,6,1,3377
0,2,277,1,5,6,5,4,2988
0,2,278,-1,7,6,1,6,3982
0,2,279,1,1,1,1,4,588
0,2,280,-1,7,2,6,2,3762
0,2,281,1,1,4,0,4,772
0,2,282,-1,1,6,1,0,904
0,2,283,1,0,4,0,6,262
0,2,284,-1,1,0,1,7,527
0,2,285,1,0,6,5,6,430
0,2,286,-1,1,7,7,7,1023
0,2,287,1,5,4,5,2,2858
0,3,1,1,0,3,4,3,227
0,3,2,-1,7,0,2,0,3600
0,3,3,1,0,2,1,2,138
0,3,4,-1,2,0,6,0,1072
0,3,5,1,0,0,5,0,40
0,3,6,-1,7,6,6,6,4022
0,3,7,1,4,3,4,7,2279
0,3,8,-1,6,6,6,2,3506
0,3,9,1,1,2,3,2,666
0,3,10,-1,6,2,6,4,3252
0,3,11,1,3,2,2,2,1682
0,3,12,-1,6,0,6,1,3121
0,3,13,1,0,6,4,6,422
0,3,14,-1,6,1,6,3,3187
0,3,15,1,0,7,0,6,454
0,3,16,-1,6,3,6,2,3314
0,3,17,1,2,2,2,6,1174
0,3,18,-1,7,1,6,1,3697
0,3,19,1,2,6,2,7,1431
0,3,20,-1,7,7,7,6,4094
0,3,21,1,2,7,0,7,1479
0,3,22,-1,7,6,7,7,4031
0,3,23,1,4,6,7,6,2494
0,3,24,-1,6,4,5,4,3372
0,3,25,1,7,6,6,6,4022
0,3,26,-1,5,4,2,4,2836
0,3,27,1,4,7,4,3,2531
0,3,28,-1,7,7,7,6,4094
0,3,29,1,6,6,4,6,3494
0,3,30,-1,2,4,1,4,1292
0,3,31,1,0,1,0,3,67
0,3,32,-1,6,1,7,1,3193
0,3,33,1,4,6,4,5,2469
0,3,34,-1,6,2,1,2,3210
0,3,35,1,0,7,2,7,471
0,3,36,-1,7,4,2,4,3860
0,3,37,1,0,3,1,3,203
0,3,38,-1,2,4,2,5,1301
0,3,39,1,0,6,2,6,406
0,3,40,-1,7,2,4,2,3746
0,3,41,1,5,0,5,4,2604
0,3,42,-1,1,2,0,2,642
0,3,43,1,4,3,3,3,2267
0,3,44,-1,4,2,4,6,2214
0,3,45,1,2,7,5,7,1519
0,3,46,-1,2,5,2,2,1362
0,3,47,1,5,4,5,2,2858
0,3,48,-1,7,6,7,7,4031
0,3,49,1,2,6,2,4,1428
0,3,50,-1,4,6,4,7,2471
0,3,51,1,2,4,2,5,1301
0,3,52,-1,4,7,4,1,2529
0,3,53,1,2,5,6,5,1397
0,3,54,-1,2,2,2,3,1171
0,3,55,1,0,4,1,4,268
0,3,56,-1,4,1,4,6,2150
0,3,57,1,1,4,4,4,804
0,3,58,-1,2,3,6,3,1267
0,3,59,1,5,2,5,4,2732
0,3,60,-1,4,6,2,6,2454
0,3,61,1,1,3,3,3,731
0,3,62,-1,0,2,0,1,129
0,3,63,1,6,5,6,4,3444
0,3,64,-1,7,7,6,7,4087
0,3,65,1,3,3,3,4,1756
0,3,66,-1,6,7,0,7,3527
0,3,67,1,5,4,5,1,2857
0,3,68,-1,6,3,1,3,3275
0,3,69,1,5,1,3,1,2649
0,3,70,-1,0,7,3,7,479
0,3,71,1,4,4,4,3,2339
0,3,72,-1,1,3,1,4,716
0,3,73,1,4,3,3,3,2267
0,3,74,-1,1,4,1,5,781
0,3,75,1,3,1,3,2,1626
0,3,76,-1,0,1,0,4,68
0,3,77,1,3,4,3,5,1821
0,3,78,-1,2,6,4,6,1446
0,3,79,1,3,3,1,3,1739
0,3,80,-1,0,4,1,4,268
0,3,81,1,1,3,0,3,707
0,3,82,-1,3,7,0,7,1991
0,3,83,1,0,3,0,6,198
0,3,84,-1,1,4,4,4,804
0,3,85,1,0,6,1,6,398
0,3,86,-1,1,5,1,0,840
0,3,87,1,1,6,1,4,908
0,3,88,-1,0,7,1,7,463
0,3,89,1,3,5,2,5,1877
0,3,90,-1,4,6,2,6,2454
0,3,91,1,2,5,3,5,1373
0,3,92,-1,1,7,7,7,1023
0,3,93,1,3,2,5,2,1706
0,3,94,-1,7,5,6,5,3957
0,3,95,1,5,2,4,2,2722
0,3,96,-1,2,6,2,3,1427
0,3,97,1,4,2,2,2,2194
0,3,98,-1,7,7,6,7,4087
0,3,99,1,3,5,3,4,1884
0,3,100,-1,7,3,7,5,3837
0,3,101,1,2,2,1,2,1162
0,3,102,-1,2,3,5,3,1259
0,3,103,1,1,2,1,5,653
0,3,104,-1,1,0,0,0,512
0,3,105,1,3,4,0,4,1796
0,3,106,-1,7,5,7,6,3966
0,3,107,1,1,5,1,2,842
0,3,108,-1,7,6,7,3,4027
0,3,109,1,0,4,0,5,261
0,3,110,-1,6,5,1,5,3405
0,3,111,1,0,5,0,1,321
0,3,112,-1,4,4,2,4,2324
0,3,113,1,0,1,5,1,105
0,3,114,-1,6,7,6,5,3573
0,3,115,1,5,1,0,1,2625
0,3,116,-1,1,5,3,5,861
0,3,117,1,1,2,5,2,682
0,3,118,-1,3,5,3,0,1880
0,3,119,1,5,2,5,0,2728
0,3,120,-1,5,3,6,3,2803
0,3,121,1,5,0,5,4,2604
0,3,122,-1,6,3,3,3,3291
0,3,123,1,5,4,3,4,2844
0,3,124,-1,7,1,6,1,3697
0,3,125,1,0,1,0,4,68
0,3,126,-1,3,3,5,3,1771
0,3,127,1,3,4,3,3,1819
0,3,128,-1,0,0,0,1,1
0,3,129,1,0,4,2,4,276
0,3,130,-1,6,5,6,4,3444
0,3,131,1,2,4,1,4,1292
0,3,132,-1,6,4,2,4,3348
0,3,133,1,3,3,3,1,1753
0,3,134,-1,0,1,0,7,71
0,3,135,1,1,4,1,5,781
0,3,136,-1,6,1,4,1,3169
0,3,137,1,1,5,1,2,842
0,3,138,-1,0,7,0,6,454
0,3,139,1,3,1,3,7,1631
0,3,140,-1,2,4,6,4,1332
0,3,141,1,1,2,1,3,651
0,3,142,-1,0,6,0,1,385
0,3,143,1,1,3,1,2,714
0,3,144,-1,4,1,4,3,2147
0,3,145,1,3,7,4,7,2023
0,3,146,-1,4,3,4,0,2272
0,3,147,1,4,7,4,6,2534
0,3,148,-1,6,4,5,4,3372
0,3,149,1,4,6,0,6,2438
0,3,150,-1,4,0,4,5,2085
0,3,151,1,1,2,4,2,674
0,3,152,-1,7,3,7,6,3838
0,3,153,1,0,6,0,3,387
0,3,154,-1,5,4,7,4,2876
0,3,155,1,0,3,0,5,197
0,3,156,-1,0,1,0,3,67
0,3,157,1,0,5,0,6,326
0,3,158,-1,7,4,7,2,3898
0,3,159,1,0,6,5,6,430
0,3,160,-1,4,5,3,5,2397
0,3,161,1,5,6,3,6,2974
0,3,162,-1,3,5,7,5,1917
0,3,163,1,3,6,2,6,1942
0,3,164,-1,3,0,3,2,1562
0,3,165,1,2,6,6,6,1462
0,3,166,-1,7,5,4,5,3941
0,3,167,1,6,6,0,6,3462
0,3,168,-1,4,5,5,5,2413
0,3,169,1,0,6,5,6,430
0,3,170,-1,3,2,3,6,1694
0,4,1,1,0,3,1,3,203
0,4,2,-1,7,5,2,5,3925
0,4,3,1,0,7,1,7,463
0,4,4,-1,2,5,2,2,1362
0,4,5,1,0,2,1,2,138
0,4,6,-1,2,2,3,2,1178
0,4,7,1,1,7,1,6,974
0,4,8,-1,3,2,3,4,1692
0,4,9,1,1,3,5,3,747
0,4,10,-1,7,6,2,6,3990
0,4,11,1,0,0,1,0,8
0,4,12,-1,7,7,6,7,4087
0,4,13,1,0,1,0,0,64
0,4,14,-1,2,6,2,3,1427
0,4,15,1,1,6,3,6,926
0,4,16,-1,7,4,7,7,3903
0,4,17,1,0,4,1,4,268
0,4,18,-1,6,7,4,7,3559
0,4,19,1,3,6,3,7,1951
0,4,20,-1,7,7,6,7,4087
0,4,21,1,1,4,1,7,783
0,4,22,-1,3,4,0,4,1796
0,4,23,1,1,0,5,0,552
0,4,24,-1,0,4,4,4,292
0,4,25,1,5,0,5,4,2604
0,4,26,-1,4,4,0,4,2308
0,4,27,1,0,0,1,0,8
0,4,28,-1,7,3,3,3,3803
0,4,29,1,5,4,5,7,2863
0,4,30,-1,0,4,4,4,292
0,4,31,1,1,7,1,4,972
0,4,32,-1,4,4,4,2,2338
0,4,33,1,1,0,0,0,512
0,4,34,-1,7,0,1,0,3592
0,4,35,1,1,4,4,4,804
0,4,36,-1,6,7,6,1,3569
0,4,37,1,1,2,1,3,651
0,4,38,-1,4,2,6,2,2226
0,4,39,1,4,4,4,7,2343
0,4,40,-1,6,2,6,4,3252
0,4,41,1,0,0,0,1,1
0,4,42,-1,6,4,5,4,3372
0,4,43,1,4,7,4,4,2532
0,4,44,-1,3,3,3,1,1753
0,4,45,1,1,3,1,1,713
0,4,46,-1,2,3,4,3,1251
0,4,47,1,0,6,4,6,422
0,4,48,-1,5,4,5,6,2862
0,4,49,1,4,6,2,6,2454
0,4,50,-1,5,6,5,4,2988
0,4,51,1,2,6,2,5,1429
0,4,52,-1,6,1,6,5,3189
0,4,53,1,2,5,2,4,1364
0,4,54,-1,3,1,3,4,1628
0,4,55,1,5,7,6,7,3063
0,4,56,-1,4,3,4,2,2274
0,4,57,1,2,4,1,4,1292
0,4,58,-1,4,2,4,3,2211
0,4,59,1,1,4,1,7,783
0,4,60,-1,4,3,4,1,2273
0,4,61,1,0,1,0,2,66
0,4,62,-1,6,5,6,4,3444
0,4,63,1,0,2,3,2,154
0,4,64,-1,5,4,1,4,2828
0,4,65,1,3,7,3,5,2013
0,4,66,-1,4,1,4,0,2144
0,4,67,1,1,7,1,5,973
0,4,68,-1,1,0,3,0,536
0,4,69,1,0,5,0,2,322
0,4,70,-1,7,1,6,1,3697
0,4,71,1,6,7,1,7,3535
0,4,72,-1,6,1,7,1,3193
0,4,73,1,3,5,3,6,1886
0,4,74,-1,4,0,5,0,2088
0,4,75,1,1,5,3,5,861
0,4,76,-1,3,0,4,0,1568
0,4,77,1,1,7,4,7,999
0,4,78,-1,6,4,6,1,3377
0,4,79,1,4,7,2,7,2519
0,4,80,-1,4,0,3,0,2072
0,4,81,1,2,7,2,4,1492
0,4,82,-1,7,2,7,6,3774
0,4,83,1,3,5,3,4,1884
0,4,84,-1,1,4,1,3,779
0,4,85,1,3,6,5,6,1966
0,4,86,-1,7,6,6,6,4022
0,4,87,1,0,2,1,2,138
0,4,88,-1,6,1,2,1,3153
0,4,89,1,2,4,2,5,1301
0,4,90,-1,7,1,7,7,3711
0,4,91,1,5,6,5,1,2985
0,4,92,-1,2,1,4,1,1121
0,4,93,1,3,2,7,2,1722
0,4,94,-1,3,0,4,0,1568
0,4,95,1,2,5,2,3,1363
0,4,96,-1,6,6,5,6,3502
0,4,97,1,1,2,2,2,658
0,4,98,-1,4,1,4,6,2150
0,4,99,1,2,2,6,2,1202
0,4,100,-1,4,6,4,7,2471
0,4,101,1,3,4,3,0,1816
0,4,102,-1,5,6,5,4,2988
0,4,103,1,6,2,1,2,3210
0,4,104,-1,7,7,5,7,4079
0,4,105,1,7,2,7,4,3772
0,4,106,-1,4,7,4,3,2531
0,4,107,1,1,2,6,2,690
0,4,108,-1,4,3,4,2,2274
0,4,109,1,6,2,6,7,3255
0,4,110,-1,5,4,2,4,2836
0,4,111,1,3,0,3,5,1565
0,4,112,-1,4,2,6,2,2226
0,4,113,1,7,4,7,5,3901
0,4,114,-1,2,4,3,4,1308
0,4,115,1,3,5,5,5,1901
0,4,116,-1,4,0,0,0,2048
0,4,117,1,6,7,6,6,3574
0,4,118,-1,6,2,6,0,3248
0,4,119,1,5,5,5,3,2923
0,4,120,-1,3,4,3,5,1821
0,4,121,1,6,6,6,4,3508
0,4,122,-1,0,0,0,1,1
0,4,123,1,7,5,7,0,3960
0,4,124,-1,3,5,3,0,1880
0,4,125,1,7,0,7,1,3641
0,4,126,-1,1,3,1,1,713
0,4,127,1,6,4,6,7,3383
0,4,128,-1,6,0,6,5,3125
0,4,129,1,5,3,5,5,2797
0,4,130,-1,6,5,6,4,3444
0,4,131,1,7,1,7,0,3704
0,4,132,-1,3,0,4,0,1568
0,4,133,1,5,5,5,2,2922
0,4,134,-1,0,1,0,0,64
0,4,135,1,7,0,7,5,3645
0,4,136,-1,6,4,3,4,3356
0,4,137,1,7,5,7,1,3961
0,4,138,-1,3,4,3,0,1816
0,4,139,1,5,2,5,5,2733
0,4,140,-1,5,7,2,7,3031
0,4,141,1,5,5,5,3,2923
0,4,142,-1,0,0,0,1,1
0,4,143,1,7,1,7,4,3708
0,4,144,-1,2,7,2,1,1489
0,4,145,1,7,4,7,2,3898
0,4,146,-1,0,1,0,4,68
0,4,147,1,6,7,3,7,3551
0,4,148,-1,2,1,3,1,1113
0,4,149,1,3,7,3,6,2014
0,4,150,-1,1,1,2,1,593
0,4,151,1,5,3,2,3,2771
0,4,152,-1,0,4,0,7,263
0,4,153,1,7,2,7,1,3769
0,4,154,-1,3,1,5,1,1641
0,4,155,1,2,3,2,7,1239
0,4,156,-1,0,7,1,7,463
0,5,1,1,0,4,2,4,276
0,5,2,-1,7,3,6,3,3827
0,5,3,1,0,3,0,4,196
0,5,4,-1,6,3,6,2,3314
0,5,5,1,0,0,1,0,8
0,5,6,-1,7,6,2,6,3990
0,5,7,1,0,5,4,5,357
0,5,8,-1,7,5,7,6,3966
0,5,9,1,1,0,5,0,552
0,5,10,-1,7,4,7,5,3901
0,5,11,1,2,4,2,1,1297
0,5,12,-1,6,2,4,2,3234
0,5,13,1,0,2,1,2,138
0,5,14,-1,7,2,5,2,3754
0,5,15,1,4,5,5,5,2413
0,5,16,-1,7,1,6,1,3697
0,5,17,1,0,7,1,7,463
0,5,18,-1,4,2,4,5,2213
0,5,19,1,1,2,6,2,690
0,5,20,-1,4,5,5,5,2413
0,5,21,1,6,2,6,4,3252
0,5,22,-1,2,6,2,5,1429
0,5,23,1,5,0,5,4,2604
0,5,24,-1,7,5,6,5,3957
0,5,25,1,5,4,3,4,2844
0,5,26,-1,6,1,4,1,3169
0,5,27,1,3,4,3,6,1822
0,5,28,-1,7,6,6,6,4022
0,5,29,1,3,6,3,2,1946
0,5,30,-1,6,6,5,6,3502
0,5,31,1,0,4,1,4,268
0,5,32,-1,7,0,2,0,3600
0,5,33,1,3,2,1,2,1674
0,5,34,-1,6,5,6,4,3444
0,5,35,1,1,2,1,3,651
0,5,36,-1,5,5,5,1,2921
0,5,37,1,0,6,4,6,422
0,5,38,-1,5,1,5,3,2667
0,5,39,1,1,4,1,5,781
0,5,40,-1,2,5,7,5,1405
0,5,41,1,1,5,3,5,861
0,5,42,-1,2,0,7,0,1080
0,5,43,1,4,6,4,5,2469
0,5,44,-1,7,5,7,6,3966
0,5,45,1,1,3,3,3,731
0,5,46,-1,6,4,0,4,3332
0,5,47,1,3,5,1,5,1869
0,5,48,-1,0,4,0,7,263
0,5,49,1,0,1,0,3,67
0,5,50,-1,5,6,5,7,2991
0,5,51,1,0,3,0,2,194
0,5,52,-1,7,6,6,6,4022
0,5,53,1,1,5,2,5,853
0,5,54,-1,7,0,7,6,3646
0,5,55,1,2,5,2,7,1367
0,5,56,-1,4,1,5,1,2153
0,5,57,1,3,3,3,4,1756
0,5,58,-1,5,3,6,3,2803
0,5,59,1,0,2,0,1,129
0,5,60,-1,6,6,4,6,3494
0,5,61,1,2,7,2,3,1491
0,5,62,-1,5,1,5,2,2666
0,5,63,1,2,3,1,3,1227
0,5,64,-1,7,6,6,6,4022
0,5,65,1,1,3,1,1,713
0,5,66,-1,7,7,7,6,4094
0,5,67,1,1,1,1,4,588
0,5,68,-1,7,6,7,4,4028
0,5,69,1,3,4,3,6,1822
0,5,70,-1,0,7,3,7,479
0,5,71,1,3,6,1,6,1934
0,5,72,-1,5,2,6,2,2738
0,5,73,1,0,1,5,1,105
0,5,74,-1,3,7,2,7,2007
0,5,75,1,4,5,7,5,2429
0,5,76,-1,6,3,6,4,3316
0,5,77,1,1,4,4,4,804
0,5,78,-1,4,6,3,6,2462
0,5,79,1,5,1,2,1,2641
0,5,80,-1,6,2,5,2,3242
0,5,81,1,2,1,2,4,1108
0,5,82,-1,7,4,7,1,3897
0,5,83,1,1,6,1,4,908
0,5,84,-1,5,2,6,2,2738
0,5,85,1,7,5,6,5,3957
0,5,86,-1,6,2,4,2,3234
0,5,87,1,1,4,1,1,777
0,5,88,-1,3,6,3,2,1946
0,5,89,1,1,1,1,6,590
0,5,90,-1,3,2,2,2,1682
0,5,91,1,1,6,4,6,934
0,5,92,-1,2,7,4,7,1511
0,5,93,1,6,5,3,5,3421
0,5,94,-1,6,6,0,6,3462
0,5,95,1,3,5,2,5,1877
0,5,96,-1,7,1,7,5,3709
0,5,97,1,2,5,3,5,1373
0,5,98,-1,6,4,5,4,3372
0,5,99,1,3,5,0,5,1861
0,5,100,-1,2,2,2,6,1174
0,5,101,1,0,5,3,5,349
0,5,102,-1,5,4,2,4,2836
0,5,103,1,3,5,3,1,1881
0,5,104,-1,2,4,6,4,1332
0,5,105,1,3,1,6,1,1649
0,5,106,-1,5,7,5,5,3053
0,5,107,1,6,1,3,1,3161
0,5,108,-1,5,5,4,5,2917
0,5,109,1,3,1,3,2,1626
0,5,110,-1,2,6,2,4,1428
0,5,111,1,3,2,3,1,1689
0,5,112,-1,2,4,3,4,1308
0,5,113,1,3,1,3,3,1627
0,5,114,-1,6,4,5,4,3372
0,5,115,1,3,3,6,3,1779
0,5,116,-1,5,4,5,7,2863
0,5,117,1,6,3,3,3,3291
0,5,118,-1,4,5,3,5,2397
0,5,119,1,3,3,0,3,1731
0,5,120,-1,4,2,4,6,2214
0,5,121,1,0,3,4,3,227
0,5,122,-1,4,6,4,5,2469
0,5,123,1,4,3,4,2,2274
0,5,124,-1,0,6,5,6,430
0,5,125,1,4,2,4,3,2211
0,5,126,-1,3,4,5,4,1836
0,5,127,1,4,3,4,4,2276
0,5,128,-1,7,5,7,2,3962
0,5,129,1,4,4,4,3,2339
0,5,130,-1,5,6,5,5,2989
0,5,131,1,4,3,3,3,2267
0,5,132,-1,3,5,2,5,1877
0,5,133,1,3,3,3,1,1753
0,5,134,-1,5,4,7,4,2876
0,5,135,1,3,1,3,2,1626
0,5,136,-1,2,5,2,2,1362
0,6,1,1,0,7,6,7,503
0,6,2,-1,7,4,6,4,3892
0,6,3,1,0,2,6,2,178
0,6,4,-1,7,0,6,0,3632
0,6,5,1,0,0,4,0,32
0,6,6,-1,7,5,2,5,3925
0,6,7,1,0,3,3,3,219
0,6,8,-1,2,5,7,5,1405
0,6,9,1,0,1,1,1,73
0,6,10,-1,7,1,6,1,3697
0,6,11,1,6,2,4,2,3234
0,6,12,-1,7,3,5,3,3819
0,6,13,1,4,0,3,0,2072
0,6,14,-1,6,1,6,3,3187
0,6,15,1,6,7,3,7,3551
0,6,16,-1,7,2,7,1,3769
0,6,17,1,3,3,3,6,1758
0,6,18,-1,6,0,7,0,3128
0,6,19,1,1,1,3,1,601
0,6,20,-1,7,6,6,6,4022
0,6,21,1,0,4,0,2,258
0,6,22,-1,7,5,6,5,3957
0,6,23,1,4,2,4,6,2214
0,6,24,-1,6,5,1,5,3405
0,6,25,1,4,6,4,1,2465
0,6,26,-1,6,3,6,2,3314
0,6,27,1,3,1,0,1,1601
0,6,28,-1,1,5,1,0,840
0,6,29,1,4,1,2,1,2129
0,6,30,-1,1,0,1,6,526
0,6,31,1,0,1,0,0,64
0,6,32,-1,7,7,6,7,4087
0,6,33,1,2,1,0,1,1089
0,6,34,-1,1,6,1,4,908
0,6,35,1,0,5,7,5,381
0,6,36,-1,1,4,4,4,804
0,6,37,1,7,5,1,5,3917
0,6,38,-1,6,2,6,4,3252
0,6,39,1,0,6,4,6,422
0,6,40,-1,7,1,7,4,3708
0,6,41,1,3,7,3,5,2013
0,6,42,-1,7,0,1,0,3592
0,6,43,1,3,5,3,2,1882
0,6,44,-1,6,4,6,5,3381
0,6,45,1,3,2,3,7,1695
0,6,46,-1,5,3,2,3,2771
0,6,47,1,0,1,4,1,97
0,6,48,-1,2,3,2,4,1236
0,6,49,1,0,2,0,6,134
0,6,50,-1,1,0,5,0,552
0,6,51,1,0,0,1,0,8
0,6,52,-1,2,4,2,5,1301
0,6,53,1,1,5,0,5,837
0,6,54,-1,7,4,7,7,3903
0,6,55,1,4,1,2,1,2129
0,6,56,-1,6,5,6,4,3444
0,6,57,1,2,1,3,1,1113
0,6,58,-1,2,5,2,4,1364
0,6,59,1,3,1,2,1,1617
0,6,60,-1,5,0,5,3,2603
0,6,61,1,2,1,0,1,1089
0,6,62,-1,6,4,6,1,3377
0,6,63,1,0,5,0,2,322
0,6,64,-1,2,4,2,1,1297
0,6,65,1,4,6,4,1,2465
0,6,66,-1,6,6,2,6,3478
0,6,67,1,1,0,1,6,526
0,6,68,-1,7,7,7,1,4089
0,6,69,1,0,1,1,1,73
0,6,70,-1,2,6,6,6,1462
0,6,71,1,3,7,0,7,1991
0,6,72,-1,6,6,6,4,3508
0,6,73,1,1,6,5,6,942
0,6,74,-1,6,4,7,4,3388
0,6,75,1,1,1,3,1,601
0,6,76,-1,7,4,7,7,3903
0,6,77,1,5,6,5,7,2991
0,6,78,-1,5,3,3,3,2779
0,6,79,1,4,1,4,4,2148
0,6,80,-1,7,7,7,6,4094
0,6,81,1,0,6,5,6,430
0,6,82,-1,7,6,7,7,4031
0,6,83,1,3,1,2,1,1617
0,6,84,-1,6,7,6,2,3570
0,6,85,1,4,4,2,4,2324
0,6,86,-1,6,1,4,1,3169
0,6,87,1,5,6,2,6,2966
0,6,88,-1,3,3,7,3,1787
0,6,89,1,0,2,0,1,129
0,6,90,-1,7,3,7,5,3837
0,6,91,1,5,7,3,7,3039
0,6,92,-1,7,5,6,5,3957
0,6,93,1,0,1,0,4,68
0,6,94,-1,6,2,3,2,3226
0,6,95,1,0,4,0,2,258
0,6,96,-1,4,1,5,1,2153
0,6,97,1,2,1,3,1,1113
0,6,98,-1,7,7,6,7,4087
0,6,99,1,0,2,0,5,133
0,6,100,-1,5,1,5,4,2668
0,6,101,1,0,7,0,6,454
0,6,102,-1,5,4,5,6,2862
0,6,103,1,2,4,7,4,1340
0,6,104,-1,7,1,6,1,3697
0,6,105,1,7,4,1,4,3852
0,6,106,-1,6,5,6,3,3443
0,6,107,1,0,5,1,5,333
0,6,108,-1,6,3,6,4,3316
0,6,109,1,3,7,3,6,2014
0,6,110,-1,6,7,6,5,3573
0,6,111,1,2,6,1,6,1422
0,6,112,-1,6,1,5,1,3177
0,6,113,1,1,4,3,4,796
0,6,114,-1,5,1,5,0,2664
0,6,115,1,3,4,2,4,1812
0,6,116,-1,5,0,4,0,2592
0,6,117,1,2,4,2,2,1298
0,6,118,-1,6,5,6,7,3447
0,6,119,1,2,2,6,2,1202
0,6,120,-1,6,7,6,5,3573
0,6,121,1,1,5,1,4,844
0,6,122,-1,6,4,7,4,3388
0,6,123,1,3,6,3,7,1951
0,6,124,-1,4,0,4,6,2086
0,6,125,1,1,4,1,3,779
0,6,126,-1,7,4,2,4,3860
0,6,127,1,3,1,3,6,1630
0,6,128,-1,5,6,6,6,2998
0,6,129,1,6,2,5,2,3242
0,6,130,-1,2,4,6,4,1332
0,6,131,1,5,2,5,6,2734
0,6,132,-1,6,4,6,2,3378
0,6,133,1,3,6,3,2,1946
0,6,134,-1,6,2,6,4,3252
0,6,135,1,0,6,0,5,389
0,6,136,-1,6,6,7,6,3518
0,6,137,1,5,6,3,6,2974
0,6,138,-1,6,4,6,3,3379
0,6,139,1,1,3,4,3,739
0,6,140,-1,7,6,7,3,4027
0,6,141,1,3,2,4,2,1698
0,6,142,-1,6,3,6,1,3313
0,6,143,1,0,5,4,5,357
0,6,144,-1,6,5,6,7,3447
0,6,145,1,1,6,1,7,911
0,6,146,-1,7,3,7,6,3838
0,6,147,1,3,6,2,6,1942
0,6,148,-1,6,7,4,7,3559
0,6,149,1,4,3,6,3,2291
0,6,150,-1,4,7,6,7,2551
0,6,151,1,2,6,3,6,1438
0,6,152,-1,7,6,7,3,4027
0,6,153,1,3,6,2,6,1942
0,6,154,-1,6,1,6,4,3188
0,6,155,1,4,2,0,2,2178
0,6,156,-1,6,7,5,7,3567
0,6,157,1,0,2,0,6,134
0,6,158,-1,7,3,4,3,3811
0,6,159,1,0,6,1,6,398
0,6,160,-1,5,7,5,1,3049
0,6,161,1,1,6,0,6,902
0,6,162,-1,6,4,5,4,3372
0,6,163,1,2,6,2,0,1424
0,6,164,-1,5,4,5,3,2859
0,6,165,1,0,6,0,0,384
0,6,166,-1,5,1,5,0,2664
0,6,167,1,3,7,3,5,2013
0,6,168,-1,5,3,6,3,2803
0,6,169,1,3,5,3,4,1884
0,6,170,-1,6,3,6,0,3312
0,6,171,1,3,4,5,4,1836
0,6,172,-1,6,0,6,4,3124
0,6,173,1,2,0,2,2,1042
0,6,174,-1,5,0,6,0,2608
0,6,175,1,2,2,0,2,1154
0,6,176,-1,6,4,7,4,3388
0,6,177,1,5,4,3,4,2844
0,6,178,-1,6,0,3,0,3096
0,6,179,1,0,0,0,1,1
0,6,180,-1,4,3,1,3,2251
0,6,181,1,0,2,0,3,131
0,6,182,-1,7,4,4,4,3876
0,6,183,1,0,1,4,1,97
0,6,184,-1,1,3,1,2,714
0,6,185,1,3,4,0,4,1796
0,6,186,-1,3,0,3,3,1563
0,6,187,1,4,1,4,0,2144
0,6,188,-1,3,3,3,0,1752
0,6,189,1,4,0,5,0,2088
0,6,190,-1,1,2,3,2,666
0,6,191,1,1,7,4,7,999
0,6,192,-1,3,2,5,2,1706
0,6,193,1,5,0,4,0,2592
0,6,194,-1,3,0,2,0,1552
0,6,195,1,0,3,0,2,194
0,6,196,-1,5,2,5,6,2734
0,6,197,1,0,4,6,4,308
0,6,198,-1,5,6,5,5,2989
0,6,199,1,0,2,0,1,129
0,6,200,-1,5,5,5,1,2921
0,6,201,1,4,0,6,0,2096
0,6,202,-1,2,0,4,0,1056
0,6,203,1,0,1,0,6,70
0,6,204,-1,4,0,4,1,2081
0,6,205,1,0,6,0,0,384
0,6,206,-1,4,1,4,3,2147
0,6,207,1,6,0,7,0,3128
0,6,208,-1,5,1,6,1,2673
0,6,209,1,7,0,7,6,3646
0,6,210,-1,4,3,6,3,2291
0,6,211,1,0,0,6,0,48
0,7,1,1,0,3,3,3,219
0,7,2,-1,7,2,4,2,3746
0,7,3,1,0,4,4,4,292
0,7,4,-1,7,4,6,4,3892
0,7,5,1,0,7,4,7,487
0,7,6,-1,7,5,3,5,3933
0,7,7,1,0,6,1,6,398
0,7,8,-1,3,5,7,5,1917
0,7,9,1,1,6,1,4,908
0,7,10,-1,6,4,6,6,3382
0,7,11,1,0,0,1,0,8
0,7,12,-1,4,2,4,3,2211
0,7,13,1,4,4,2,4,2324
0,7,14,-1,4,3,5,3,2283
0,7,15,1,0,5,0,7,327
0,7,16,-1,5,3,4,3,2787
0,7,17,1,2,4,4,4,1316
0,7,18,-1,7,0,3,0,3608
0,7,19,1,4,4,6,4,2356
0,7,20,-1,6,6,0,6,3462
0,7,21,1,3,3,3,1,1753
0,7,22,-1,4,3,4,6,2278
0,7,23,1,6,4,5,4,3372
0,7,24,-1,7,5,2,5,3925
0,7,25,1,5,4,2,4,2836
0,7,26,-1,7,7,6,7,4087
0,7,27,1,0,2,6,2,178
0,7,28,-1,4,6,4,2,2466
0,7,29,1,0,1,0,3,67
0,7,30,-1,4,2,2,2,2194
0,7,31,1,0,3,4,3,227
0,7,32,-1,2,2,4,2,1186
0,7,33,1,1,4,1,7,783
0,7,34,-1,3,0,7,0,1592
0,7,35,1,1,7,1,2,970
0,7,36,-1,2,5,3,5,1373
0,7,37,1,0,7,0,1,449
0,7,38,-1,3,5,1,5,1869
0,7,39,1,0,1,1,1,73
0,7,40,-1,7,3,7,5,3837
0,7,41,1,6,2,6,0,3248
0,7,42,-1,1,5,3,5,861
0,7,43,1,6,0,6,5,3125
0,7,44,-1,3,5,1,5,1869
0,7,45,1,1,2,6,2,690
0,7,46,-1,7,6,2,6,3990
0,7,47,1,3,1,2,1,1617
0,7,48,-1,7,5,6,5,3957
0,7,49,1,6,2,4,2,3234
0,7,50,-1,7,0,2,0,3600
0,7,51,1,4,3,5,3,2283
0,7,52,-1,1,5,1,4,844
0,7,53,1,4,2,4,5,2213
0,7,54,-1,6,5,6,4,3444
0,7,55,1,4,7,2,7,2519
0,7,56,-1,1,4,4,4,804
0,7,57,1,5,3,2,3,2771
0,7,58,-1,6,4,6,3,3379
0,7,59,1,2,3,2,2,1234
0,7,60,-1,4,4,2,4,2324
0,7,61,1,4,5,4,0,2400
0,7,62,-1,6,7,6,5,3573
0,7,63,1,2,7,5,7,1519
0,7,64,-1,6,3,6,2,3314
0,7,65,1,4,0,4,6,2086
0,7,66,-1,2,4,2,1,1297
0,7,67,1,4,6,0,6,2438
0,7,68,-1,7,1,7,5,3709
0,7,69,1,1,0,0,0,512
0,7,70,-1,7,5,7,7,3967
0,7,71,1,0,6,2,6,406
0,7,72,-1,6,5,6,7,3447
0,7,73,1,2,6,2,4,1428
0,7,74,-1,7,7,7,0,4088
0,7,75,1,5,7,5,5,3053
0,7,76,-1,2,1,3,1,1113
0,7,77,1,5,5,5,4,2924
0,7,78,-1,7,0,2,0,3600
0,7,79,1,5,4,7,4,2876
0,7,80,-1,3,1,3,4,1628
0,7,81,1,2,4,2,5,1301
0,7,82,-1,3,4,3,6,1822
0,7,83,1,2,5,3,5,1373
0,7,84,-1,3,6,3,7,1951
0,7,85,1,0,0,0,1,1
0,7,86,-1,2,0,1,0,1032
0,7,87,1,0,1,0,3,67
0,7,88,-1,1,0,0,0,512
0,7,89,1,7,4,4,4,3876
0,7,90,-1,6,2,4,2,3234
0,7,91,1,3,5,1,5,1869
0,7,92,-1,0,0,1,0,8
0,7,93,1,1,1,7,1,633
0,7,94,-1,3,7,3,1,2009
0,7,95,1,4,4,0,4,2308
0,7,96,-1,4,2,1,2,2186
0,7,97,1,0,4,1,4,268
0,7,98,-1,1,2,3,2,666
0,7,99,1,0,3,0,7,199
0,7,100,-1,3,2,3,4,1692
0,7,101,1,7,1,7,3,3707
0,7,102,-1,1,0,1,1,521
0,7,103,1,7,3,6,3,3827
0,7,104,-1,3,4,2,4,1812
0,7,105,1,0,7,2,7,471
0,7,106,-1,3,1,3,4,1628
0,7,107,1,6,3,6,1,3313
0,7,108,-1,6,7,6,4,3572
0,7,109,1,2,7,6,7,1527
0,7,110,-1,1,1,5,1,617
0,7,111,1,6,1,7,1,3193
0,7,112,-1,5,1,2,1,2641
0,7,113,1,6,7,6,6,3574
0,7,114,-1,2,1,5,1,1129
0,7,115,1,6,6,4,6,3494
0,7,116,-1,5,1,2,1,2641
0,7,117,1,7,1,7,3,3707
0,7,118,-1,2,1,4,1,1121
0,7,119,1,4,6,4,7,2471
0,7,120,-1,3,4,3,7,1823
0,7,121,1,4,7,4,6,2534
0,7,122,-1,4,1,5,1,2153
0,7,123,1,7,3,7,2,3834
0,7,124,-1,3,7,3,2,2010
0,7,125,1,4,6,5,6,2478
0,7,126,-1,3,2,3,5,1693
0,7,127,1,5,6,6,6,2998
0,7,128,-1,2,4,2,7,1303
0,7,129,1,6,6,1,6,3470
0,7,130,-1,2,7,2,6,1494
0,7,131,1,1,5,2,5,853
0,7,132,-1,5,1,0,1,2625
0,7,133,1,7,2,7,0,3768
0,7,134,-1,0,1,1,1,73
0,7,135,1,7,0,7,3,3643
0,7,136,-1,2,6,3,6,1438
0,7,137,1,1,4,4,4,804
0,7,138,-1,3,5,3,0,1880
0,7,139,1,7,3,3,3,3803
0,7,140,-1,3,6,2,6,1942
0,7,141,1,1,6,0,6,902
0,7,142,-1,2,6,4,6,1446
0,7,143,1,2,5,7,5,1405
0,7,144,-1,4,6,7,6,2494
0,7,145,1,3,3,6,3,1779
0,7,146,-1,7,6,1,6,3982
0,7,147,1,6,3,6,4,3316
0,7,148,-1,3,0,3,6,1566
0,7,149,1,7,5,1,5,3917
0,7,150,-1,3,6,3,0,1944
0,7,151,1,6,4,6,5,3381
0,7,152,-1,1,6,3,6,926
0,7,153,1,0,6,0,2,386
0,7,154,-1,3,0,4,0,1568
0,7,155,1,0,2,1,2,138
0,7,156,-1,4,0,0,0,2048
0,7,157,1,4,4,2,4,2324
0,7,158,-1,3,6,5,6,1966
0,7,159,1,1,2,0,2,642
0,8,1,1,0,6,5,6,430
0,8,2,-1,7,7,6,7,4087
0,8,3,1,0,0,4,0,32
0,8,4,-1,6,7,1,7,3535
0,8,5,1,4,0,4,5,2085
0,8,6,-1,7,4,6,4,3892
0,8,7,1,5,6,5,4,2988
0,8,8,-1,1,7,1,2,970
0,8,9,1,5,4,1,4,2828
0,8,10,-1,7,1,6,1,3697
0,8,11,1,1,4,5,4,812
0,8,12,-1,6,1,4,1,3169
0,8,13,1,4,5,1,5,2381
0,8,14,-1,7,0,2,0,3600
0,8,15,1,0,7,0,6,454
0,8,16,-1,7,5,6,5,3957
0,8,17,1,0,3,1,3,203
0,8,18,-1,7,3,5,3,3819
0,8,19,1,5,4,1,4,2828
0,8,20,-1,7,6,7,5,4029
0,8,21,1,1,5,2,5,853
0,8,22,-1,6,5,6,7,3447
0,8,23,1,2,5,2,1,1361
0,8,24,-1,4,1,5,1,2153
0,8,25,1,1,3,3,3,731
0,8,26,-1,2,0,7,0,1080
0,8,27,1,3,3,3,1,1753
0,8,28,-1,1,2,2,2,658
0,8,29,1,1,4,3,4,796
0,8,30,-1,2,2,2,6,1174
0,8,31,1,0,2,5,2,170
0,8,32,-1,7,0,7,1,3641
0,8,33,1,3,1,3,0,1624
0,8,34,-1,5,3,0,3,2755
0,8,35,1,2,1,2,4,1108
0,8,36,-1,2,6,1,6,1422
0,8,37,1,3,4,3,6,1822
0,8,38,-1,0,3,4,3,227
0,8,39,1,3,0,3,2,1562
0,8,40,-1,7,5,3,5,3933
0,8,41,1,5,2,5,5,2733
0,8,42,-1,4,3,7,3,2299
0,8,43,1,3,2,3,5,1693
0,8,44,-1,6,7,6,5,3573
0,8,45,1,3,5,3,2,1882
0,8,46,-1,7,2,5,2,3754
0,8,47,1,3,2,3,5,1693
0,8,48,-1,6,4,7,4,3388
0,8,49,1,0,4,0,2,258
0,8,50,-1,5,2,5,4,2732
0,8,51,1,0,2,6,2,178
0,8,52,-1,6,5,6,7,3447
0,8,53,1,3,5,3,4,1884
0,8,54,-1,7,3,6,3,3827
0,8,55,1,3,6,7,6,1982
0,8,56,-1,5,4,4,4,2852
0,8,57,1,0,1,0,3,67
0,8,58,-1,6,3,3,3,3291
0,8,59,1,2,4,2,5,1301
0,8,60,-1,5,1,5,3,2667
0,8,61,1,7,6,7,7,4031
0,8,62,-1,7,1,7,3,3707
0,8,63,1,3,4,3,6,1822
0,8,64,-1,6,7,0,7,3527
0,8,65,1,0,3,0,0,192
0,8,66,-1,7,4,6,4,3892
0,8,67,1,2,5,2,3,1363
0,8,68,-1,3,3,3,2,1754
0,8,69,1,6,2,6,0,3248
0,8,70,-1,3,2,4,2,1698
0,8,71,1,7,7,7,6,4094
0,8,72,-1,7,3,7,5,3837
0,8,73,1,5,5,5,6,2926
0,8,74,-1,7,5,7,1,3961
0,8,75,1,5,6,5,5,2989
0,8,76,-1,6,4,6,7,3383
0,8,77,1,3,6,3,2,1946
0,8,78,-1,4,2,4,3,2211
0,8,79,1,6,0,6,5,3125
0,8,80,-1,4,4,0,4,2308
0,8,81,1,5,5,5,4,2924
0,8,82,-1,0,7,3,7,479
0,8,83,1,2,3,2,4,1236
0,8,84,-1,0,4,0,1,257
0,8,85,1,7,6,7,7,4031
0,8,86,-1,0,1,0,4,68
0,8,87,1,2,4,2,1,1297
0,8,88,-1,0,4,1,4,268
0,8,89,1,2,1,6,1,1137
0,8,90,-1,6,7,4,7,3559
0,8,91,1,6,5,0,5,3397
0,8,92,-1,4,3,4,2,2274
0,8,93,1,0,0,5,0,40
0,8,94,-1,7,1,7,0,3704
0,8,95,1,3,2,2,2,1682
0,8,96,-1,3,7,0,7,1991
0,8,97,1,0,5,0,6,326
0,8,98,-1,0,7,1,7,463
0,8,99,1,5,4,5,2,2858
0,8,100,-1,4,7,4,0,2528
0,8,101,1,5,2,5,3,2731
0,8,102,-1,1,7,4,7,999
0,8,103,1,0,6,0,1,385
0,8,104,-1,4,0,4,5,2085
0,8,105,1,6,1,6,5,3189
0,8,106,-1,1,4,1,7,783
0,8,107,1,6,5,6,6,3446
0,8,108,-1,4,7,6,7,2551
0,8,109,1,2,2,6,2,1202
0,8,110,-1,1,7,1,6,974
0,8,111,1,6,6,2,6,3478
0,8,112,-1,6,7,6,5,3573
0,8,113,1,2,6,2,0,1424
0,8,114,-1,6,5,6,7,3447
0,8,115,1,6,2,6,0,3248
0,8,116,-1,4,5,5,5,2413
0,8,117,1,0,1,0,3,67
0,8,118,-1,6,7,6,5,3573
0,8,119,1,0,3,0,7,199
0,8,120,-1,6,5,6,7,3447
0,8,121,1,2,0,2,5,1045
0,8,122,-1,1,6,1,3,907
0,8,123,1,0,7,2,7,471
0,8,124,-1,1,3,1,4,716
0,8,125,1,6,0,6,6,3126
0,8,126,-1,7,0,7,6,3646
0,8,127,1,2,7,0,7,1479
0,8,128,-1,5,5,5,4,2924
0,8,129,1,6,6,3,6,3486
0,8,130,-1,1,4,1,6,782
0,8,131,1,2,5,6,5,1397
0,8,132,-1,7,6,6,6,4022
0,8,133,1,0,7,0,1,449
0,8,134,-1,1,6,1,4,908
0,8,135,1,7,7,3,7,4063
0,8,136,-1,1,4,1,3,779
0,8,137,1,0,1,0,7,71
0,8,138,-1,1,3,4,3,739
0,8,139,1,5,3,5,2,2794
0,8,140,-1,4,3,5,3,2283
0,8,141,1,3,7,1,7,1999
0,8,142,-1,5,3,2,3,2771
0,8,143,1,6,5,6,3,3443
0,8,144,-1,5,4,0,4,2820
0,8,145,1,5,2,5,5,2733
0,8,146,-1,2,3,2,7,1239
0,8,147,1,5,5,5,6,2926
0,8,148,-1,0,4,6,4,308
0,8,149,1,0,7,0,1,449
0,8,150,-1,2,7,2,0,1488
0,8,151,1,5,6,5,1,2985
0,8,152,-1,6,4,1,4,3340
0,8,153,1,5,1,6,1,2673
0,8,154,-1,1,4,0,4,772
0,8,155,1,1,7,1,4,972
0,8,156,-1,2,0,2,5,1045
0,8,157,1,6,3,1,3,3275
0,8,158,-1,6,6,7,6,3518
0,8,159,1,1,4,4,4,804
0,8,160,-1,7,6,6,6,4022
0,8,161,1,4,4,6,4,2356
0,8,162,-1,0,4,0,2,258
0,8,163,1,1,3,1,1,713
0,8,164,-1,2,5,6,5,1397
0,8,165,1,6,4,0,4,3332
0,8,166,-1,6,6,5,6,3502
0,8,167,1,6,1,3,1,3161
0,8,168,-1,6,5,1,5,3405
0,8,169,1,0,4,1,4,268
0,8,170,-1,1,5,1,7,847
0,8,171,1,3,1,3,0,1624
0,8,172,-1,1,7,1,5,973
0,8,173,1,3,0,7,0,1592
0,8,174,-1,1,5,0,5,837
0,8,175,1,1,4,1,3,779
0,8,176,-1,0,5,6,5,373
0,8,177,1,1,1,5,1,617
0,8,178,-1,5,6,5,4,2988
0,8,179,1,7,0,7,7,3647
0,8,180,-1,6,5,1,5,3405
0,8,181,1,1,3,1,4,716
0,8,182,-1,1,5,7,5,893
0,8,183,1,0,1,0,7,71
0,8,184,-1,7,5,1,5,3917
0,8,185,1,7,7,6,7,4087
0,8,186,-1,5,4,7,4,2876
0,8,187,1,1,4,3,4,796
0,8,188,-1,1,5,5,5,877
0,8,189,1,6,7,6,5,3573
0,8,190,-1,5,5,5,2,2922
0,8,191,1,0,7,3,7,479
0,8,192,-1,7,4,6,4,3892
0,8,193,1,3,4,4,4,1828
0,8,194,-1,5,2,3,2,2714
0,8,195,1,5,1,5,4,2668
0,8,196,-1,6,4,6,0,3376
0,8,197,1,4,4,4,2,2338
0,8,198,-1,6,0,5,0,3112
0,8,199,1,3,7,3,5,2013
0,8,200,-1,3,2,3,1,1689
0,8,201,1,3,5,2,5,1877
0,8,202,-1,5,0,0,0,2560
0,8,203,1,5,4,3,4,2844
0,8,204,-1,0,0,5,0,40
0,8,205,1,3,4,0,4,1796
0,8,206,-1,5,0,5,7,2607
0,8,207,1,4,2,4,7,2215
0,8,208,-1,5,7,5,1,3049
0,8,209,1,6,5,6,3,3443
0,8,210,-1,3,1,3,7,1631
0,8,211,1,4,7,4,0,2528
0,8,212,-1,5,1,6,1,2673
0,8,213,1,4,0,3,0,2072
0,8,214,-1,6,1,6,0,3184
0,8,215,1,0,4,1,4,268
0,9,1,1,0,6,5,6,430
0,9,2,-1,7,3,5,3,3819
0,9,3,1,0,0,6,0,48
0,9,4,-1,7,2,2,2,3730
0,9,5,1,0,5,0,6,326
0,9,6,-1,7,6,6,6,4022
0,9,7,1,0,3,3,3,219
0,9,8,-1,7,4,6,4,3892
0,9,9,1,0,1,4,1,97
0,9,10,-1,5,3,6,3,2803
0,9,11,1,5,6,5,5,2989
0,9,12,-1,7,7,7,6,4094
0,9,13,1,4,1,4,6,2150
0,9,14,-1,6,6,5,6,3502
0,9,15,1,3,3,3,1,1753
0,9,16,-1,7,5,7,2,3962
0,9,17,1,4,6,4,5,2469
0,9,18,-1,7,2,7,4,3772
0,9,19,1,0,4,1,4,268
0,9,20,-1,6,4,2,4,3348
0,9,21,1,1,4,1,5,781
0,9,22,-1,2,2,1,2,1162
0,9,23,1,6,0,4,0,3104
0,9,24,-1,6,3,1,3,3275
0,9,25,1,3,1,3,4,1628
0,9,26,-1,1,3,6,3,755
0,9,27,1,3,4,3,6,1822
0,9,28,-1,7,4,5,4,3884
0,9,29,1,4,5,4,7,2407
0,9,30,-1,5,6,5,5,2989
0,9,31,1,4,0,5,0,2088
0,9,32,-1,6,3,6,7,3319
0,9,33,1,3,6,3,4,1948
0,9,34,-1,5,5,4,5,2917
0,9,35,1,0,6,0,4,388
0,9,36,-1,7,6,2,6,3990
0,9,37,1,1,5,3,5,861
0,9,38,-1,6,7,6,2,3570
0,9,39,1,0,4,0,6,262
0,9,40,-1,2,6,2,7,1431
0,9,41,1,3,5,0,5,1861
0,9,42,-1,6,2,4,2,3234
0,9,43,1,3,4,0,4,1796
0,9,44,-1,4,2,5,2,2218
0,9,45,1,4,7,4,6,2534
0,9,46,-1,5,4,6,4,2868
0,9,47,1,4,6,2,6,2454
0,9,48,-1,5,2,5,3,2731
0,9,49,1,0,4,2,4,276
0,9,50,-1,7,1,6,1,3697
0,9,51,1,5,0,3,0,2584
0,9,52,-1,1,2,2,2,658
0,9,53,1,0,5,0,4,324
0,9,54,-1,2,2,4,2,1186
0,9,55,1,0,2,1,2,138
0,9,56,-1,6,1,1,1,3145
0,9,57,1,3,0,3,2,1562
0,9,58,-1,6,4,5,4,3372
0,9,59,1,3,2,2,2,1682
0,9,60,-1,4,2,4,3,2211
0,9,61,1,0,4,0,1,257
0,9,62,-1,5,4,4,4,2852
0,9,63,1,0,1,0,0,64
0,9,64,-1,4,4,2,4,2324
0,9,65,1,0,6,1,6,398
0,9,66,-1,7,0,7,7,3647
0,9,67,1,0,0,5,0,40
0,9,68,-1,1,1,3,1,601
0,9,69,1,1,6,6,6,950
0,9,70,-1,2,4,0,4,1284
0,9,71,1,5,0,4,0,2592
0,9,72,-1,2,7,4,7,1511
0,9,73,1,4,0,5,0,2088
0,9,74,-1,0,4,1,4,268
0,9,75,1,2,2,3,2,1178
0,9,76,-1,4,5,1,5,2381
0,9,77,1,3,2,3,5,1693
0,9,78,-1,3,1,0,1,1601
0,9,79,1,5,0,4,0,2592
0,9,80,-1,4,7,4,5,2533
0,9,81,1,0,7,2,7,471
0,9,82,-1,0,1,0,3,67
0,9,83,1,2,7,2,1,1489
0,9,84,-1,0,3,1,3,203
0,9,85,1,6,6,1,6,3470
0,9,86,-1,4,5,5,5,2413
0,9,87,1,1,6,1,3,907
0,9,88,-1,4,3,2,3,2259
0,9,89,1,4,0,7,0,2104
0,9,90,-1,2,3,3,3,1243
0,9,91,1,7,0,7,4,3644
0,9,92,-1,7,7,1,7,4047
0,9,93,1,7,4,2,4,3860
0,9,94,-1,5,3,7,3,2811
0,9,95,1,2,1,3,1,1113
0,9,96,-1,1,7,4,7,999
0,9,97,1,2,4,6,4,1332
0,9,98,-1,3,3,3,6,1758
0,9,99,1,1,3,1,6,718
0,9,100,-1,5,5,5,1,2921
0,9,101,1,6,4,1,4,3340
0,9,102,-1,3,6,3,4,1948
0,9,103,1,1,6,7,6,958
0,9,104,-1,4,7,2,7,2519
0,9,105,1,3,1,2,1,1617
0,9,106,-1,7,3,3,3,3803
0,9,107,1,2,1,4,1,1121
0,9,108,-1,3,3,3,1,1753
0,9,109,1,1,4,2,4,788
0,9,110,-1,2,7,2,6,1494
0,9,111,1,7,6,7,4,4028
0,9,112,-1,2,6,5,6,1454
0,9,113,1,7,4,4,4,3876
0,9,114,-1,5,6,6,6,2998
0,9,115,1,2,4,1,4,1292
0,9,116,-1,5,1,5,3,2667
0,9,117,1,4,4,6,4,2356
0,9,118,-1,6,6,3,6,3486
0,9,119,1,1,2,7,2,698
0,9,120,-1,3,6,7,6,1982
0,9,121,1,7,2,7,1,3769
0,9,122,-1,7,6,1,6,3982
0,9,123,1,7,1,7,3,3707
0,9,124,-1,3,1,4,1,1633
0,9,125,1,1,4,5,4,812
0,9,126,-1,4,1,4,4,2148
0,9,127,1,6,4,6,7,3383
0,9,128,-1,4,4,2,4,2324
0,9,129,1,6,7,7,7,3583
0,9,130,-1,2,4,0,4,1284
0,9,131,1,5,4,1,4,2828
0,9,132,-1,5,3,5,6,2798
0,9,133,1,7,3,7,6,3838
0,9,134,-1,5,6,5,0,2984
0,9,135,1,1,4,1,2,778
0,9,136,-1,5,0,2,0,2576
0,9,137,1,1,2,1,4,652
0,9,138,-1,1,6,5,6,942
0,9,139,1,7,7,1,7,4047
0,9,140,-1,2,0,2,1,1041
0,9,141,1,7,6,7,3,4027
0,9,142,-1,5,6,5,4,2988
0,9,143,1,1,7,5,7,1007
0,9,144,-1,0,4,4,4,292
0,9,145,1,7,3,7,7,3839
0,9,146,-1,4,4,3,4,2332
0,9,147,1,7,7,7,3,4091
0,9,148,-1,5,4,5,2,2858
0,9,149,1,5,7,5,3,3051
0,9,150,-1,3,4,6,4,1844
0,9,151,1,7,3,7,4,3836
0,9,152,-1,2,1,5,1,1129
0,9,153,1,5,3,6,3,2803
0,9,154,-1,5,1,0,1,2625
0,9,155,1,6,3,2,3,3283
0,9,156,-1,6,4,3,4,3356
0,9,157,1,2,3,2,1,1233
0,9,158,-1,5,2,2,2,2706
0,9,159,1,2,1,1,1,1097
0,9,160,-1,0,1,0,0,64
0,9,161,1,1,1,7,1,633
0,9,162,-1,2,2,2,3,1171
0,9,163,1,7,1,3,1,3673
0,9,164,-1,2,3,1,3,1227
0,9,165,1,3,1,6,1,1649
0,9,166,-1,1,3,0,3,707
0,9,167,1,7,4,7,1,3897
0,9,168,-1,3,4,0,4,1796
0,9,169,1,6,1,6,6,3190
0,9,170,-1,0,4,6,4,308
0,9,171,1,7,1,7,2,3706
0,9,172,-1,6,4,3,4,3356
0,9,173,1,6,6,6,5,3509
0,9,174,-1,3,4,3,0,1816
0,9,175,1,7,2,7,3,3771
0,9,176,-1,0,3,3,3,219
0,9,177,1,6,5,6,0,3440
0,9,178,-1,3,0,3,2,1562
0,9,179,1,6,0,6,3,3123
0,9,180,-1,3,2,0,2,1666
0,9,181,1,7,3,7,0,3832
0,9,182,-1,0,0,0,1,1
0,9,183,1,6,3,4,3,3299
0,9,184,-1,0,2,0,5,133
0,9,185,1,7,0,6,0,3632
0,9,186,-1,0,1,0,2,66
0,9,187,1,4,3,6,3,2291
0,9,188,-1,3,3,2,3,1747
0,9,189,1,6,3,4,3,3299
0,9,190,-1,0,5,7,5,381
0,9,191,1,6,0,6,2,3122
0,9,192,-1,0,2,1,2,138
0,10,1,1,0,0,1,0,8
0,10,2,-1,7,7,5,7,4079
0,10,3,1,1,0,6,0,560
0,10,4,-1,7,4,2,4,3860
0,10,5,1,6,0,4,0,3104
0,10,6,-1,7,2,2,2,3730
0,10,7,1,0,4,1,4,268
0,10,8,-1,7,5,2,5,3925
0,10,9,1,0,3,4,3,227
0,10,10,-1,7,3,7,5,3837
0,10,11,1,0,7,3,7,479
0,10,12,-1,2,4,4,4,1316
0,10,13,1,3,7,3,5,2013
0,10,14,-1,5,7,2,7,3031
0,10,15,1,4,0,5,0,2088
0,10,16,-1,7,1,7,4,3708
0,10,17,1,0,6,5,6,430
0,10,18,-1,7,4,6,4,3892
0,10,19,1,3,5,3,4,1884
0,10,20,-1,2,2,2,0,1168
0,10,21,1,0,5,4,5,357
0,10,22,-1,2,7,2,3,1491
0,10,23,1,4,3,6,3,2291
0,10,24,-1,2,0,0,0,1024
0,10,25,1,5,6,3,6,2974
0,10,26,-1,7,0,3,0,3608
0,10,27,1,3,6,3,7,1951
0,10,28,-1,3,0,4,0,1568
0,10,29,1,3,7,3,6,2014
0,10,30,-1,7,6,5,6,4014
0,10,31,1,6,3,6,1,3313
0,10,32,-1,4,0,5,0,2088
0,10,33,1,4,5,5,5,2413
0,10,34,-1,2,3,5,3,1259
0,10,35,1,3,4,3,0,1816
0,10,36,-1,6,4,6,7,3383
0,10,37,1,0,2,0,3,131
0,10,38,-1,7,5,6,5,3957
0,10,39,1,6,1,2,1,3153
0,10,40,-1,6,7,5,7,3567
0,10,41,1,0,3,0,7,199
0,10,42,-1,5,6,6,6,2998
0,10,43,1,1,4,7,4,828
0,10,44,-1,5,0,5,2,2602
0,10,45,1,3,0,6,0,1584
0,10,46,-1,6,5,6,4,3444
0,10,47,1,2,1,2,4,1108
0,10,48,-1,5,3,4,3,2787
0,10,49,1,2,4,3,4,1308
0,10,50,-1,4,3,7,3,2299
0,10,51,1,3,6,2,6,1942
0,10,52,-1,7,3,7,0,3832
0,10,53,1,2,6,3,6,1438
0,10,54,-1,6,6,7,6,3518
0,10,55,1,0,1,0,3,67
0,10,56,-1,5,7,2,7,3031
0,10,57,1,3,6,3,7,1951
0,10,58,-1,5,2,3,2,2714
0,10,59,1,0,7,0,5,453
0,10,60,-1,0,0,6,0,48
0,10,61,1,3,7,0,7,1991
0,10,62,-1,7,6,7,4,4028
0,10,63,1,3,4,5,4,1836
0,10,64,-1,3,2,3,7,1695
0,10,65,1,0,3,0,0,192
0,10,66,-1,7,0,7,1,3641
0,10,67,1,0,7,2,7,471
0,10,68,-1,7,4,7,7,3903
0,10,69,1,5,4,5,7,2863
0,10,70,-1,7,7,7,6,4094
0,10,71,1,0,0,1,0,8
0,10,72,-1,7,6,5,6,4014
0,10,73,1,1,0,5,0,552
0,10,74,-1,6,0,6,7,3127
0,10,75,1,5,7,5,1,3049
0,10,76,-1,6,7,6,5,3573
0,10,77,1,0,5,0,0,320
0,10,78,-1,6,5,7,5,3453
0,10,79,1,5,1,5,4,2668
0,10,80,-1,7,5,7,3,3963
0,10,81,1,0,0,0,1,1
0,10,82,-1,7,1,3,1,3673
0,10,83,1,2,7,5,7,1519
0,10,84,-1,7,3,5,3,3819
0,10,85,1,0,1,1,1,73
0,10,86,-1,5,3,4,3,2787
0,10,87,1,5,0,2,0,2576
0,10,88,-1,3,1,6,1,1649
0,10,89,1,5,7,2,7,3031
0,10,90,-1,4,3,3,3,2267
0,10,91,1,5,4,4,4,2852
0,10,92,-1,3,3,3,4,1756
0,10,93,1,2,7,4,7,1511
0,10,94,-1,3,4,3,1,1817
0,10,95,1,2,0,1,0,1032
0,10,96,-1,6,1,6,5,3189
0,10,97,1,4,4,4,2,2338
0,10,98,-1,3,1,3,6,1630
0,10,99,1,4,2,2,2,2194
0,10,100,-1,3,6,2,6,1942
0,10,101,1,4,7,4,2,2530
0,10,102,-1,2,6,3,6,1438
0,10,103,1,2,2,2,6,1174
0,10,104,-1,3,6,3,5,1949
0,10,105,1,4,2,2,2,2194
0,10,106,-1,3,5,3,4,1884
0,10,107,1,1,0,5,0,552
0,10,108,-1,3,4,1,4,1804
0,10,109,1,2,6,6,6,1462
0,10,110,-1,6,5,6,0,3440
0,10,111,1,2,2,4,2,1186
0,10,112,-1,1,4,1,6,782
0,10,113,1,5,0,4,0,2592
0,10,114,-1,6,0,6,2,3122
0,10,115,1,4,0,0,0,2048
0,10,116,-1,1,6,1,4,908
0,10,117,1,0,0,0,6,6
0,10,118,-1,1,4,1,7,783
0,10,119,1,1,1,4,1,609
0,10,120,-1,6,2,5,2,3242
0,10,121,1,4,1,7,1,2169
0,10,122,-1,1,7,1,1,969
0,10,123,1,0,6,1,6,398
0,11,1,1,0,0,1,0,8
0,11,2,-1,7,6,6,6,4022
0,11,3,1,0,7,1,7,463
0,11,4,-1,7,3,6,3,3827
0,11,5,1,0,4,4,4,292
0,11,6,-1,7,5,3,5,3933
0,11,7,1,1,0,0,0,512
0,11,8,-1,6,3,6,1,3313
0,11,9,1,4,4,0,4,2308
0,11,10,-1,6,6,5,6,3502
0,11,11,1,0,1,4,1,97
0,11,12,-1,7,2,5,2,3754
0,11,13,1,0,2,1,2,138
0,11,14,-1,7,1,7,3,3707
0,11,15,1,0,3,5,3,235
0,11,16,-1,7,3,6,3,3827
0,11,17,1,1,7,4,7,999
0,11,18,-1,6,1,7,1,3193
0,11,19,1,0,6,4,6,422
0,11,20,-1,7,0,1,0,3592
0,11,21,1,4,6,2,6,2454
0,11,22,-1,6,3,6,4,3316
0,11,23,1,2,6,2,7,1431
0,11,24,-1,3,5,6,5,1909
0,11,25,1,4,1,4,5,2149
0,11,26,-1,7,4,7,5,3901
0,11,27,1,5,3,1,3,2763
0,11,28,-1,7,1,7,4,3708
0,11,29,1,4,5,5,5,2413
0,11,30,-1,6,4,3,4,3356
0,11,31,1,1,3,4,3,739
0,11,32,-1,5,6,2,6,2966
0,11,33,1,0,0,0,1,1
0,11,34,-1,2,6,6,6,1462
0,11,35,1,4,3,5,3,2283
0,11,36,-1,1,0,0,0,512
0,11,37,1,1,2,3,2,666
0,11,38,-1,7,4,5,4,3884
0,11,39,1,4,7,4,1,2529
0,11,40,-1,7,7,6,7,4087
0,11,41,1,3,2,2,2,1682
0,11,42,-1,3,4,3,2,1818
0,11,43,1,0,5,4,5,357
0,11,44,-1,3,2,3,6,1694
0,11,45,1,4,1,7,1,2169
0,11,46,-1,3,6,3,4,1948
0,11,47,1,4,5,4,0,2400
0,11,48,-1,6,6,5,6,3502
0,11,49,1,2,2,2,0,1168
0,11,50,-1,5,6,5,5,2989
0,11,51,1,0,4,0,7,263
0,11,52,-1,3,4,1,4,1804
0,11,53,1,7,1,7,3,3707
0,11,54,-1,7,5,7,6,3966
0,11,55,1,2,7,5,7,1519
0,11,56,-1,5,5,5,6,2926
0,11,57,1,7,3,7,5,3837
0,11,58,-1,5,4,5,5,2861
0,11,59,1,0,1,4,1,97
0,11,60,-1,5,6,4,6,2982
0,11,61,1,0,7,0,6,454
0,11,62,-1,5,5,5,4,2924
0,11,63,1,5,7,2,7,3031
0,11,64,-1,4,6,4,7,2471
0,11,65,1,2,0,2,2,1042
0,11,66,-1,5,4,5,5,2861
0,11,67,1,4,1,4,4,2148
0,11,68,-1,5,5,0,5,2885
0,11,69,1,0,6,1,6,398
0,11,70,-1,1,4,1,5,781
0,11,71,1,4,0,5,0,2088
0,11,72,-1,0,5,0,2,322
0,11,73,1,2,7,2,4,1492
0,11,74,-1,1,5,3,5,861
0,11,75,1,7,5,7,0,3960
0,11,76,-1,3,5,3,0,1880
0,11,77,1,2,4,2,2,1298
0,11,78,-1,4,7,1,7,2511
0,11,79,1,1,6,6,6,950
0,11,80,-1,5,2,7,2,2746
0,11,81,1,4,4,4,1,2337
0,11,82,-1,0,2,0,3,131
0,11,83,1,4,1,1,1,2121
0,11,84,-1,3,0,3,7,1567
0,11,85,1,1,1,3,1,601
0,11,86,-1,6,5,6,4,3444
0,11,87,1,7,0,6,0,3632
0,11,88,-1,1,7,1,6,974
0,11,89,1,3,1,0,1,1601
0,11,90,-1,3,7,3,1,2009
0,11,91,1,0,1,1,1,73
0,11,92,-1,1,6,3,6,926
0,11,93,1,5,0,5,7,2607
0,11,94,-1,3,6,3,4,1948
0,11,95,1,1,1,1,4,588
0,11,96,-1,6,7,6,5,3573
0,11,97,1,6,0,3,0,3096
0,11,98,-1,7,2,7,4,3772
0,11,99,1,1,4,1,3,779
0,11,100,-1,6,5,6,6,3446
0,11,101,1,1,3,1,0,712
0,11,102,-1,3,4,5,4,1836
0,11,103,1,3,0,5,0,1576
0,11,104,-1,6,4,0,4,3332
0,11,105,1,5,0,4,0,2592
0,11,106,-1,7,6,7,7,4031
0,11,107,1,5,7,5,5,3053
0,11,108,-1,0,3,3,3,219
0,11,109,1,4,0,6,0,2096
0,11,110,-1,3,3,3,6,1758
0,11,111,1,5,5,4,5,2917
0,11,112,-1,0,4,0,2,258
0,11,113,1,1,0,1,3,523
0,11,114,-1,0,0,1,0,8
0,11,115,1,1,3,3,3,731
0,11,116,-1,0,2,0,5,133
0,11,117,1,3,3,5,3,1771
0,11,118,-1,0,5,0,2,322
0,11,119,1,5,3,2,3,2771
0,11,120,-1,1,0,1,6,526
0,11,121,1,6,0,0,0,3072
0,11,122,-1,0,2,0,7,135
0,11,123,1,2,3,4,3,1251
0,11,124,-1,3,1,2,1,1617
0,11,125,1,0,0,0,1,1
0,11,126,-1,3,6,3,2,1946
0,11,127,1,4,5,3,5,2397
0,11,128,-1,3,2,4,2,1698
0,11,129,1,3,5,6,5,1909
0,11,130,-1,2,1,4,1,1121
0,11,131,1,4,3,4,5,2277
0,11,132,-1,7,4,1,4,3852
0,11,133,1,4,5,5,5,2413
0,11,134,-1,7,7,7,0,4088
0,11,135,1,0,1,0,4,68
0,11,136,-1,4,2,6,2,2226
0,11,137,1,5,5,2,5,2901
0,11,138,-1,6,6,4,6,3494
0,11,139,1,2,5,7,5,1405
0,11,140,-1,1,4,5,4,812
0,11,141,1,7,5,0,5,3909
0,11,142,-1,7,0,7,4,3644
0,11,143,1,0,4,4,4,292
0,11,144,-1,7,4,7,5,3901
0,11,145,1,4,4,0,4,2308
0,11,146,-1,7,5,3,5,3933
0,11,147,1,0,4,1,4,268
0,11,148,-1,5,4,4,4,2852
0,11,149,1,0,5,1,5,333
0,11,150,-1,0,7,6,7,503
0,11,151,1,1,4,1,3,779
0,11,152,-1,6,2,6,0,3248
0,11,153,1,1,3,6,3,755
0,11,154,-1,4,6,5,6,2478
0,11,155,1,6,3,6,5,3317
0,11,156,-1,4,1,4,3,2147
0,11,157,1,6,5,3,5,3421
0,11,158,-1,6,7,6,5,3573
0,11,159,1,3,5,5,5,1901
0,11,160,-1,6,0,7,0,3128
0,11,161,1,5,5,2,5,2901
0,11,162,-1,7,0,7,2,3642
0,11,163,1,2,5,2,3,1363
0,11,164,-1,6,5,6,4,3444
0,11,165,1,2,3,3,3,1243
0,11,166,-1,6,4,7,4,3388
0,11,167,1,1,5,2,5,853
0,11,168,-1,4,4,3,4,2332
0,11,169,1,2,5,2,7,1367
0,11,170,-1,1,6,1,4,908
0,11,171,1,2,7,6,7,1527
0,11,172,-1,4,3,4,6,2278
0,11,173,1,6,7,2,7,3543
0,11,174,-1,7,2,7,0,3768
0,11,175,1,2,7,2,3,1491
0,11,176,-1,5,6,5,4,2988
0,11,177,1,2,3,0,3,1219
0,11,178,-1,7,0,7,2,3642
0,11,179,1,0,3,0,5,197
0,11,180,-1,4,6,5,6,2478
0,11,181,1,0,5,2,5,341
0,11,182,-1,7,2,4,2,3746
0,11,183,1,3,3,7,3,1787
0,11,184,-1,5,4,5,0,2856
0,11,185,1,7,3,4,3,3811
0,11,186,-1,5,6,2,6,2966
0,11,187,1,4,3,4,4,2276
0,11,188,-1,2,6,1,6,1422
0,11,189,1,2,5,2,6,1366
0,11,190,-1,4,2,0,2,2178
0,11,191,1,4,4,4,2,2338
0,11,192,-1,1,6,1,7,911
0,11,193,1,4,2,4,4,2212
0,11,194,-1,7,4,7,2,3898
0,11,195,1,2,6,2,0,1424
0,11,196,-1,0,2,0,5,133
0,11,197,1,4,4,4,6,2342
0,11,198,-1,7,2,7,0,3768
0,11,199,1,4,6,4,7,2471
0,11,200,-1,7,0,7,2,3642
0,11,201,1,4,7,4,3,2531
0,11,202,-1,7,2,7,0,3768
0,11,203,1,4,3,2,3,2259
0,11,204,-1,3,4,3,0,1816
0,11,205,1,2,0,2,2,1042
0,12,1,1,0,0,4,0,32
0,12,2,-1,7,4,5,4,3884
0,12,3,1,4,0,4,6,2086
0,12,4,-1,5,4,3,4,2844
0,12,5,1,0,4,2,4,276
0,12,6,-1,3,4,3,0,1816
0,12,7,1,0,1,4,1,97
0,12,8,-1,7,5,2,5,3925
0,12,9,1,2,4,6,4,1332
0,12,10,-1,7,3,6,3,3827
0,12,11,1,6,4,3,4,3356
0,12,12,-1,6,3,4,3,3299
0,12,13,1,4,6,4,5,2469
0,12,14,-1,3,0,4,0,1568
0,12,15,1,4,1,2,1,2129
0,12,16,-1,7,6,1,6,3982
0,12,17,1,2,1,2,4,1108
0,12,18,-1,1,6,4,6,934
0,12,19,1,3,4,3,0,1816
0,12,20,-1,4,6,5,6,2478
0,12,21,1,0,7,4,7,487
0,12,22,-1,7,1,3,1,3673
0,12,23,1,4,7,2,7,2519
0,12,24,-1,5,6,5,5,2989
0,12,25,1,0,6,2,6,406
0,12,26,-1,3,1,0,1,1601
0,12,27,1,2,6,4,6,1446
0,12,28,-1,5,5,5,3,2923
0,12,29,1,2,4,3,4,1308
0,12,30,-1,5,3,5,0,2792
0,12,31,1,0,2,1,2,138
0,12,32,-1,5,0,6,0,2608
0,12,33,1,4,6,4,2,2466
0,12,34,-1,7,7,4,7,4071
0,12,35,1,0,5,0,6,326
0,12,36,-1,7,0,7,1,3641
0,12,37,1,0,3,0,5,197
0,12,38,-1,6,0,6,6,3126
0,12,39,1,3,0,3,3,1563
0,12,40,-1,4,7,4,3,2531
0,12,41,1,2,7,2,4,1492
0,12,42,-1,0,1,0,4,68
0,12,43,1,2,4,2,2,1298
0,12,44,-1,6,6,1,6,3470
0,12,45,1,3,4,1,4,1804
0,12,46,-1,0,4,0,0,256
0,12,47,1,1,4,4,4,804
0,12,48,-1,7,2,7,4,3772
0,12,49,1,2,2,6,2,1202
0,12,50,-1,4,0,5,0,2088
0,12,51,1,6,2,3,2,3226
0,12,52,-1,5,0,4,0,2592
0,12,53,1,3,3,3,4,1756
0,12,54,-1,1,6,3,6,926
0,12,55,1,4,4,4,7,2343
0,12,56,-1,0,0,0,2,2
0,12,57,1,3,4,2,4,1812
0,12,58,-1,3,6,3,4,1948
0,12,59,1,3,2,6,2,1714
0,12,60,-1,7,1,7,3,3707
0,12,61,1,0,6,4,6,422
0,12,62,-1,4,0,4,2,2082
0,12,63,1,4,6,4,5,2469
0,12,64,-1,7,4,6,4,3892
0,12,65,1,4,7,3,7,2527
0,12,66,-1,4,3,6,3,2291
0,12,67,1,0,5,1,5,333
0,12,68,-1,0,2,0,3,131
0,12,69,1,3,7,0,7,1991
0,12,70,-1,6,4,7,4,3388
0,12,71,1,2,4,1,4,1292
0,12,72,-1,3,4,3,6,1822
0,12,73,1,1,4,5,4,812
0,12,74,-1,7,3,7,0,3832
0,12,75,1,0,7,4,7,487
0,12,76,-1,0,3,3,3,219
0,12,77,1,6,2,7,2,3258
0,12,78,-1,6,3,6,7,3319
0,12,79,1,4,7,1,7,2511
0,12,80,-1,6,7,6,4,3572
0,12,81,1,7,2,6,2,3762
0,12,82,-1,7,4,7,7,3903
0,12,83,1,1,5,1,1,841
0,12,84,-1,7,0,1,0,3592
0,12,85,1,1,1,5,1,617
0,12,86,-1,7,7,7,1,4089
0,12,87,1,5,1,0,1,2625
0,12,88,-1,3,6,7,6,1982
0,12,89,1,0,1,1,1,73
0,12,90,-1,6,4,6,7,3383
0,12,91,1,5,4,5,5,2861
0,12,92,-1,4,2,0,2,2178
0,12,93,1,4,5,4,0,2400
0,12,94,-1,0,2,0,5,133
0,12,95,1,1,7,5,7,1007
0,12,96,-1,3,3,7,3,1787
0,12,97,1,4,0,4,5,2085
0,12,98,-1,7,6,7,5,4029
0,12,99,1,5,7,5,4,3052
0,12,100,-1,7,5,7,7,3967
0,12,101,1,1,1,0,1,577
0,12,102,-1,6,7,6,5,3573
0,12,103,1,6,2,6,0,3248
0,12,104,-1,1,0,0,0,512
0,12,105,1,5,4,0,4,2820
0,12,106,-1,0,5,0,7,327
0,12,107,1,6,0,4,0,3104
0,12,108,-1,0,0,0,1,1
0,12,109,1,4,0,7,0,2104
0,12,110,-1,7,7,5,7,4079
0,12,111,1,7,0,6,0,3632
0,12,112,-1,6,5,6,7,3447
0,12,113,1,6,0,4,0,3104
0,12,114,-1,5,7,3,7,3039
0,12,115,1,4,0,4,3,2083
0,12,116,-1,7,3,5,3,3819
0,12,117,1,4,3,4,2,2274
0,12,118,-1,0,1,1,1,73
0,12,119,1,4,2,4,5,2213
0,12,120,-1,1,1,4,1,609
0,12,121,1,4,5,4,2,2402
0,12,122,-1,6,7,6,4,3572
0,12,123,1,4,2,4,4,2212
0,12,124,-1,4,1,4,3,2147
0,12,125,1,4,4,4,6,2342
0,12,126,-1,6,4,2,4,3348
0,12,127,1,4,6,4,4,2468
0,12,128,-1,7,1,7,4,3708
0,13,1,1,0,3,3,3,219
0,13,2,-1,7,0,2,0,3600
0,13,3,1,0,4,4,4,292
0,13,4,-1,7,4,5,4,3884
0,13,5,1,0,2,0,3,131
0,13,6,-1,7,5,3,5,3933
0,13,7,1,0,1,4,1,97
0,13,8,-1,2,0,2,2,1042
0,13,9,1,4,4,0,4,2308
0,13,10,-1,2,2,0,2,1154
0,13,11,1,3,3,3,1,1753
0,13,12,-1,5,4,4,4,2852
0,13,13,1,3,1,3,4,1628
0,13,14,-1,4,4,4,2,2338
0,13,15,1,0,6,2,6,406
0,13,16,-1,4,2,4,5,2213
0,13,17,1,2,6,1,6,1422
0,13,18,-1,7,2,4,2,3746
0,13,19,1,0,7,6,7,503
0,13,20,-1,7,3,5,3,3819
0,13,21,1,3,4,3,0,1816
0,13,22,-1,5,3,2,3,2771
0,13,23,1,0,4,2,4,276
0,13,24,-1,4,2,5,2,2218
0,13,25,1,2,4,3,4,1308
0,13,26,-1,4,5,5,5,2413
0,13,27,1,1,6,1,3,907
0,13,28,-1,5,2,5,3,2731
0,13,29,1,0,5,0,7,327
0,13,30,-1,7,6,3,6,3998
0,13,31,1,4,1,4,0,2144
0,13,32,-1,7,1,6,1,3697
0,13,33,1,4,0,4,6,2086
0,13,34,-1,6,1,6,3,3187
0,13,35,1,0,3,0,2,194
0,13,36,-1,2,3,3,3,1243
0,13,37,1,3,0,3,2,1562
0,13,38,-1,7,7,7,6,4094
0,13,39,1,0,0,1,0,8
0,13,40,-1,3,3,3,4,1756
0,13,41,1,1,0,5,0,552
0,13,42,-1,5,5,5,4,2924
0,13,43,1,6,7,6,4,3572
0,13,44,-1,7,6,7,5,4029
0,13,45,1,6,4,6,6,3382
0,13,46,-1,3,4,2,4,1812
0,13,47,1,1,3,4,3,739
0,13,48,-1,5,4,3,4,2844
0,13,49,1,4,3,4,6,2278
0,13,50,-1,7,5,7,1,3961
0,13,51,1,3,2,2,2,1682
0,13,52,-1,3,4,3,0,1816
0,13,53,1,2,2,3,2,1178
0,13,54,-1,7,1,7,5,3709
0,13,55,1,0,7,3,7,479
0,13,56,-1,7,5,7,7,3967
0,13,57,1,4,6,2,6,2454
0,13,58,-1,5,3,2,3,2771
0,13,59,1,6,6,4,6,3494
0,13,60,-1,3,0,4,0,1568
0,13,61,1,4,6,6,6,2486
0,13,62,-1,4,0,3,0,2072
0,13,63,1,0,2,0,5,133
0,13,64,-1,6,3,4,3,3299
0,13,65,1,6,6,4,6,3494
0,13,66,-1,7,7,7,2,4090
0,13,67,1,3,7,7,7,2047
0,13,68,-1,2,3,3,3,1243
0,13,69,1,4,6,6,6,2486
0,13,70,-1,2,4,3,4,1308
0,13,71,1,0,5,0,7,327
0,13,72,-1,4,3,7,3,2299
0,13,73,1,2,6,3,6,1438
0,13,74,-1,3,4,5,4,1836
0,13,75,1,3,6,3,4,1948
0,13,76,-1,3,3,5,3,1771
0,13,77,1,3,4,3,6,1822
0,13,78,-1,5,4,0,4,2820
0,13,79,1,7,7,7,6,4094
0,13,80,-1,5,3,6,3,2803
0,13,81,1,0,7,0,5,453
0,13,82,-1,7,2,7,0,3768
0,13,83,1,7,6,7,5,4029
0,13,84,-1,0,4,1,4,268
0,13,85,1,3,6,5,6,1966
0,13,86,-1,6,3,3,3,3291
0,13,87,1,5,6,3,6,2974
0,13,88,-1,1,4,7,4,828
0,13,89,1,6,6,6,2,3506
0,13,90,-1,3,3,5,3,1771
0,13,91,1,7,5,4,5,3941
0,13,92,-1,7,4,7,7,3903
0,13,93,1,4,5,3,5,2397
0,13,94,-1,5,3,4,3,2787
0,13,95,1,3,5,3,2,1882
0,13,96,-1,7,3,7,4,3836
0,13,97,1,0,5,0,0,320
0,13,98,-1,7,7,6,7,4087
0,13,99,1,3,6,0,6,1926
0,13,100,-1,6,7,6,5,3573
0,13,101,1,3,2,3,7,1695
0,13,102,-1,4,3,4,0,2272
0,13,103,1,0,6,0,4,388
0,13,104,-1,7,4,2,4,3860
0,13,105,1,0,4,0,2,258
0,13,106,-1,7,0,7,1,3641
0,13,107,1,6,2,6,3,3251
0,13,108,-1,6,5,1,5,3405
0,13,109,1,0,2,0,1,129
0,13,110,-1,2,4,4,4,1316
0,13,111,1,6,3,0,3,3267
0,13,112,-1,4,4,0,4,2308
0,13,113,1,3,7,2,7,2007
0,13,114,-1,7,1,7,3,3707
0,13,115,1,0,3,0,2,194
0,13,116,-1,4,0,4,6,2086
0,13,117,1,0,2,5,2,170
0,13,118,-1,7,3,7,5,3837
0,13,119,1,2,7,5,7,1519
0,13,120,-1,7,5,3,5,3933
0,13,121,1,0,1,4,1,97
0,13,122,-1,3,5,3,4,1884
0,13,123,1,5,2,5,6,2734
0,13,124,-1,3,0,4,0,1568
0,13,125,1,5,6,5,5,2989
0,13,126,-1,4,6,4,1,2465
0,13,127,1,5,7,1,7,3023
0,13,128,-1,4,1,4,5,2149
0,13,129,1,0,0,2,0,16
0,13,130,-1,0,4,0,2,258
0,13,131,1,2,0,1,0,1032
0,13,132,-1,4,0,6,0,2096
0,13,133,1,1,7,1,5,973
0,13,134,-1,0,2,0,5,133
0,13,135,1,1,5,1,4,844
0,13,136,-1,3,4,6,4,1844
0,13,137,1,5,5,5,1,2921
0,13,138,-1,6,4,6,7,3383
0,13,139,1,1,4,6,4,820
0,13,140,-1,6,0,7,0,3128
0,13,141,1,6,4,7,4,3388
0,13,142,-1,6,7,6,4,3572
0,13,143,1,1,0,5,0,552
0,13,144,-1,6,4,6,5,3381
0,13,145,1,5,1,5,7,2671
0,13,146,-1,0,5,5,5,365
0,13,147,1,5,7,2,7,3031
0,13,148,-1,6,5,6,4,3444
0,13,149,1,2,7,7,7,1535
0,13,150,-1,5,5,5,6,2926
0,13,151,1,7,7,7,5,4093
0,13,152,-1,6,4,6,5,3381
0,13,153,1,5,0,6,0,2608
0,13,154,-1,5,6,0,6,2950
0,13,155,1,6,0,1,0,3080
0,13,156,-1,6,5,6,7,3447
0,13,157,1,1,0,0,0,512
0,13,158,-1,7,0,4,0,3616
0,13,159,1,0,0,1,0,8
0,13,160,-1,6,7,6,4,3572
0,13,161,1,1,0,2,0,528
0,13,162,-1,4,0,3,0,2072
0,13,163,1,2,0,2,7,1047
0,13,164,-1,6,4,6,1,3377
0,13,165,1,7,4,7,2,3898
0,13,166,-1,3,0,3,7,1567
0,13,167,1,2,7,0,7,1479
0,13,168,-1,3,7,1,7,1999
0,13,169,1,7,2,7,0,3768
0,13,170,-1,1,7,4,7,999
0,13,171,1,7,0,7,1,3641
0,13,172,-1,4,7,4,3,2531
0,13,173,1,7,5,7,6,3966
0,13,174,-1,6,1,4,1,3169
0,13,175,1,7,6,5,6,4014
0,13,176,-1,4,3,4,6,2278
0,13,177,1,5,6,5,0,2984
0,13,178,-1,4,6,6,6,2486
0,13,179,1,0,7,1,7,463
0,13,180,-1,0,6,0,4,388
0,13,181,1,7,1,7,7,3711
0,13,182,-1,4,1,4,4,2148
0,13,183,1,5,0,4,0,2592
0,14,1,1,0,4,2,4,276
0,14,2,-1,7,5,2,5,3925
0,14,3,1,0,2,6,2,178
0,14,4,-1,7,3,3,3,3803
0,14,5,1,0,7,1,7,463
0,14,6,-1,7,6,2,6,3990
0,14,7,1,6,2,4,2,3234
0,14,8,-1,3,3,5,3,1771
0,14,9,1,0,3,3,3,219
0,14,10,-1,7,7,3,7,4063
0,14,11,1,4,2,4,3,2211
0,14,12,-1,2,6,4,6,1446
0,14,13,1,0,1,0,3,67
0,14,14,-1,7,4,5,4,3884
0,14,15,1,2,4,2,1,1297
0,14,16,-1,5,4,5,5,2861
0,14,17,1,1,7,1,6,974
0,14,18,-1,2,5,2,3,1363
0,14,19,1,0,0,0,2,2
0,14,20,-1,3,7,3,6,2014
0,14,21,1,1,6,1,4,908
0,14,22,-1,5,5,3,5,2909
0,14,23,1,2,1,4,1,1121
0,14,24,-1,3,5,7,5,1917
0,14,25,1,0,5,6,5,373
0,14,26,-1,4,6,4,7,2471
0,14,27,1,0,2,6,2,178
0,14,28,-1,3,6,1,6,1934
0,14,29,1,6,5,6,7,3447
0,14,30,-1,4,7,1,7,2511
0,14,31,1,4,1,4,6,2150
0,14,32,-1,5,3,6,3,2803
0,14,33,1,4,6,4,2,2466
0,14,34,-1,1,7,4,7,999
0,14,35,1,0,6,2,6,406
0,14,36,-1,4,7,4,4,2532
0,14,37,1,4,2,4,3,2211
0,14,38,-1,7,1,5,1,3689
0,14,39,1,2,6,1,6,1422
0,14,40,-1,7,5,7,7,3967
0,14,41,1,1,6,7,6,958
0,14,42,-1,5,1,5,2,2666
0,14,43,1,4,3,5,3,2283
0,14,44,-1,7,0,1,0,3592
0,14,45,1,1,4,1,3,779
0,14,46,-1,4,4,2,4,2324
0,14,47,1,6,7,6,4,3572
0,14,48,-1,5,2,4,2,2722
0,14,49,1,7,6,7,4,4028
0,14,50,-1,4,2,0,2,2178
0,14,51,1,6,4,6,7,3383
0,14,52,-1,6,3,6,0,3312
0,14,53,1,6,7,4,7,3559
0,14,54,-1,6,0,4,0,3104
0,14,55,1,4,7,4,1,2529
0,14,56,-1,4,0,7,0,2104
0,14,57,1,4,1,1,1,2121
0,14,58,-1,7,2,7,1,3769
0,14,59,1,5,3,5,0,2792
0,14,60,-1,2,4,7,4,1340
0,14,61,1,5,0,5,3,2603
0,14,62,-1,1,0,6,0,560
0,14,63,1,5,3,2,3,2771
0,14,64,-1,7,7,7,6,4094
0,14,65,1,0,3,0,5,197
0,14,66,-1,7,4,7,5,3901
0,14,67,1,1,1,2,1,593
0,14,68,-1,7,1,7,4,3708
0,14,69,1,2,3,3,3,1243
0,14,70,-1,7,5,2,5,3925
0,14,71,1,2,1,3,1,1113
0,14,72,-1,0,2,1,2,138
0,14,73,1,3,3,2,3,1747
0,14,74,-1,6,0,0,0,3072
0,14,75,1,2,3,3,3,1243
0,14,76,-1,7,4,4,4,3876
0,14,77,1,1,3,0,3,707
0,14,78,-1,0,0,6,0,48
0,14,79,1,3,3,6,3,1779
0,14,80,-1,7,6,6,6,4022
0,14,81,1,0,3,0,2,194
0,14,82,-1,6,6,0,6,3462
0,14,83,1,3,1,4,1,1633
0,14,84,-1,6,0,4,0,3104
0,14,85,1,0,5,1,5,333
0,14,86,-1,0,6,1,6,398
0,14,87,1,0,2,0,7,135
0,14,88,-1,1,6,5,6,942
0,14,89,1,0,7,0,3,451
0,14,90,-1,7,0,7,1,3641
0,14,91,1,0,3,4,3,227
0,14,92,-1,4,0,6,0,2096
0,14,93,1,4,3,5,3,2283
0,14,94,-1,5,6,6,6,2998
0,14,95,1,5,3,2,3,2771
0,14,96,-1,6,6,1,6,3470
0,14,97,1,2,3,2,0,1232
0,14,98,-1,7,1,7,4,3708
0,14,99,1,2,0,1,0,1032
0,14,100,-1,4,4,6,4,2356
0,14,101,1,1,0,3,0,536
0,14,102,-1,1,2,0,2,642
0,14,103,1,3,0,3,5,1565
0,14,104,-1,7,4,7,5,3901
0,15,1,1,0,0,5,0,40
0,15,2,-1,7,4,2,4,3860
0,15,3,1,0,7,6,7,503
0,15,4,-1,7,6,5,6,4014
0,15,5,1,0,2,6,2,178
0,15,6,-1,5,6,3,6,2974
0,15,7,1,0,3,0,2,194
0,15,8,-1,7,5,7,6,3966
0,15,9,1,6,2,5,2,3242
0,15,10,-1,3,6,3,2,1946
0,15,11,1,6,7,6,5,3573
0,15,12,-1,3,2,3,6,1694
0,15,13,1,5,0,2,0,2576
0,15,14,-1,7,6,7,5,4029
0,15,15,1,2,0,0,0,1024
0,15,16,-1,7,3,6,3,3827
0,15,17,1,6,5,6,7,3447
0,15,18,-1,6,3,6,1,3313
0,15,19,1,0,2,1,2,138
0,15,20,-1,3,6,1,6,1934
0,15,21,1,0,1,4,1,97
0,15,22,-1,7,5,7,6,3966
0,15,23,1,0,4,0,2,258
0,15,24,-1,7,6,2,6,3990
0,15,25,1,1,2,3,2,666
0,15,26,-1,7,2,7,4,3772
0,15,27,1,6,7,1,7,3535
0,15,28,-1,2,6,4,6,1446
0,15,29,1,3,2,2,2,1682
0,15,30,-1,1,6,1,4,908
0,15,31,1,0,2,1,2,138
0,15,32,-1,7,7,6,7,4087
0,15,33,1,4,1,2,1,2129
0,15,34,-1,4,6,4,3,2467
0,15,35,1,0,5,7,5,381
0,15,36,-1,4,3,4,6,2278
0,15,37,1,0,0,4,0,32
0,15,38,-1,6,1,6,3,3187
0,15,39,1,7,5,3,5,3933
0,15,40,-1,6,3,6,2,3314
0,15,41,1,2,2,4,2,1186
0,15,42,-1,4,6,3,6,2462
0,15,43,1,4,2,4,6,2214
0,15,44,-1,7,4,7,2,3898
0,15,45,1,0,6,1,6,398
0,15,46,-1,2,4,2,2,1298
0,15,47,1,4,0,0,0,2048
0,15,48,-1,7,2,7,7,3775
0,15,49,1,1,7,5,7,1007
0,15,50,-1,6,2,6,0,3248
0,15,51,1,0,0,0,1,1
0,15,52,-1,6,0,1,0,3080
0,15,53,1,2,1,4,1,1121
0,15,54,-1,7,1,7,4,3708
0,15,55,1,0,1,1,1,73
0,15,56,-1,7,4,5,4,3884
0,15,57,1,4,1,4,0,2144
0,15,58,-1,5,4,7,4,2876
0,15,59,1,4,0,6,0,2096
0,15,60,-1,6,7,6,5,3573
0,15,61,1,4,6,4,5,2469
0,15,62,-1,1,0,5,0,552
0,15,63,1,1,1,7,1,633
0,15,64,-1,7,4,4,4,3876
0,15,65,1,1,2,0,2,642
0,15,66,-1,4,4,3,4,2332
0,15,67,1,5,7,5,2,3050
0,15,68,-1,5,0,0,0,2560
0,15,69,1,7,1,6,1,3697
0,15,70,-1,6,5,6,4,3444
0,15,71,1,0,2,0,6,134
0,15,72,-1,0,0,1,0,8
0,15,73,1,1,6,1,7,911
0,15,74,-1,1,0,1,2,522
0,15,75,1,5,2,6,2,2738
0,15,76,-1,1,2,0,2,642
0,15,77,1,0,6,0,4,388
0,15,78,-1,7,7,7,6,4094
0,15,79,1,3,5,1,5,1869
0,15,80,-1,6,4,6,7,3383
0,15,81,1,1,7,1,6,974
0,15,82,-1,3,4,3,2,1818
0,15,83,1,6,2,6,4,3252
0,15,84,-1,3,2,5,2,1706
0,15,85,1,1,6,3,6,926
0,15,86,-1,5,2,5,5,2733
0,15,87,1,4,5,4,7,2407
0,15,88,-1,7,0,7,2,3642
0,15,89,1,4,7,4,1,2529
0,15,90,-1,7,2,7,4,3772
0,15,91,1,1,5,1,4,844
0,15,92,-1,6,7,3,7,3551
0,15,93,1,6,1,7,1,3193
0,15,94,-1,0,2,0,1,129
0,15,95,1,4,1,4,6,2150
0,15,96,-1,7,6,7,5,4029
0,15,97,1,6,4,5,4,3372
0,15,98,-1,5,5,2,5,2901
0,15,99,1,1,4,4,4,804
0,15,100,-1,3,7,6,7,2039
0,15,101,1,3,6,3,4,1948
0,15,102,-1,6,7,6,2,3570
0,15,103,1,4,6,2,6,2454
0,15,104,-1,7,5,7,6,3966
0,15,105,1,5,4,5,7,2863
0,15,106,-1,2,5,2,2,1362
0,15,107,1,0,4,0,6,262
0,15,108,-1,7,6,6,6,4022
0,15,109,1,0,6,1,6,398
0,15,110,-1,2,2,0,2,1154
0,15,111,1,5,7,5,5,3053
0,15,112,-1,0,2,1,2,138
0,15,113,1,3,4,3,6,1822
0,15,114,-1,0,1,0,6,70
0,15,115,1,5,5,2,5,2901
0,15,116,-1,6,2,6,0,3248
0,15,117,1,4,4,4,2,2338
0,15,118,-1,6,6,4,6,3494
0,15,119,1,2,5,2,1,1361
0,15,120,-1,0,6,0,0,384
0,15,121,1,2,1,4,1,1121
0,15,122,-1,7,4,4,4,3876
0,15,123,1,4,1,1,1,2121
0,15,124,-1,4,6,4,5,2469
0,15,125,1,4,2,4,1,2209
0,15,126,-1,6,0,6,1,3121
0,15,127,1,7,1,7,7,3711
0,15,128,-1,0,0,5,0,40
0,15,129,1,1,1,3,1,601
0,15,130,-1,1,2,6,2,690
0,15,131,1,7,7,7,2,4090
0,15,132,-1,5,0,4,0,2592
0,15,133,1,7,2,7,4,3772
0,15,134,-1,4,4,6,4,2356
0,15,135,1,3,1,3,7,1631
0,15,136,-1,6,1,2,1,3153
0,15,137,1,3,7,7,7,2047
0,15,138,-1,2,1,2,4,1108
0,15,139,1,7,7,5,7,4079
0,15,140,-1,6,2,1,2,3210
0,15,141,1,7,4,7,2,3898
0,15,142,-1,4,5,3,5,2397
0,15,143,1,7,2,7,0,3768
0,15,144,-1,2,4,2,5,1301
0,15,145,1,7,0,7,5,3645
0,15,146,-1,1,2,6,2,690
0,15,147,1,5,7,6,7,3063
0,15,148,-1,3,5,3,2,1882
0,15,149,1,6,7,1,7,3535
0,15,150,-1,3,2,1,2,1674
0,15,151,1,7,5,3,5,3933
0,15,152,-1,6,2,6,0,3248
0,15,153,1,1,7,0,7,967
0,15,154,-1,6,4,2,4,3348
0,15,155,1,0,7,3,7,479
0,15,156,-1,2,4,0,4,1284
0,15,157,1,3,5,3,6,1886
0,15,158,-1,0,4,0,6,262
0,15,159,1,3,7,2,7,2007
0,15,160,-1,0,6,1,6,398
0,15,161,1,3,6,3,2,1946
0,15,162,-1,4,0,3,0,2072
0,15,163,1,2,7,5,7,1519
0,15,164,-1,6,0,7,0,3128
0,15,165,1,5,7,3,7,3039
0,15,166,-1,2,5,2,1,1361
0,15,167,1,3,2,3,4,1692
0,15,168,-1,1,2,1,3,651
0,15,169,1,3,7,1,7,1999
0,15,170,-1,1,3,1,4,716
0,15,171,1,3,4,3,1,1817
0,15,172,-1,1,4,3,4,796
0,15,173,1,1,7,4,7,999
0,15,174,-1,1,6,0,6,902
0,15,175,1,4,7,1,7,2511
0,15,176,-1,3,4,3,6,1822
0,15,177,1,1,7,4,7,999
0,15,178,-1,7,0,7,4,3644
0,15,179,1,4,7,1,7,2511
0,15,180,-1,2,1,0,1,1089
0,15,181,1,1,7,4,7,999
0,15,182,-1,7,4,4,4,3876
0,15,183,1,4,7,3,7,2527
0,15,184,-1,0,6,0,3,387
0,15,185,1,3,7,1,7,1999
0,15,186,-1,3,0,4,0,1568
0,15,187,1,1,7,4,7,999
0,15,188,-1,4,0,3,0,2072
0,15,189,1,4,7,1,7,2511
0,15,190,-1,0,3,1,3,203
0,15,191,1,1,7,4,7,999
0,15,192,-1,3,0,3,2,1562
0,15,193,1,4,7,1,7,2511
0,15,194,-1,3,2,0,2,1666
0,15,195,1,1,7,4,7,999
0,15,196,-1,4,4,3,4,2332
0,15,197,1,4,7,1,7,2511
0,15,198,-1,0,2,1,2,138
0,15,199,1,1,7,7,7,1023
0,15,200,-1,1,3,6,3,755
0,15,201,1,7,7,1,7,4047
0,15,202,-1,3,6,7,6,1982
0,15,203,1,1,7,4,7,999
0,15,204,-1,6,3,6,4,3316
0,15,205,1,4,7,6,7,2551
0,15,206,-1,6,4,7,4,3388
0,15,207,1,6,7,3,7,3551
0,15,208,-1,1,2,1,3,651
0,15,209,1,3,7,2,7,2007
0,15,210,-1,1,3,1,4,716
0,15,211,1,2,7,2,1,1489
0,15,212,-1,7,4,7,1,3897
0,16,1,1,0,7,4,7,487
0,16,2,-1,7,3,3,3,3803
0,16,3,1,0,4,6,4,308
0,16,4,-1,7,2,5,2,3754
0,16,5,1,0,3,0,4,196
0,16,6,-1,7,6,6,6,4022
0,16,7,1,4,7,4,4,2532
0,16,8,-1,7,1,7,3,3707
0,16,9,1,0,5,4,5,357
0,16,10,-1,3,3,3,2,1754
0,16,11,1,0,6,5,6,430
0,16,12,-1,6,6,7,6,3518
0,16,13,1,0,4,1,4,268
0,16,14,-1,5,2,6,2,2738
0,16,15,1,6,4,5,4,3372
0,16,16,-1,7,6,6,6,4022
0,16,17,1,5,6,3,6,2974
0,16,18,-1,6,2,6,0,3248
0,16,19,1,0,1,4,1,97
0,16,20,-1,3,2,2,2,1682
0,16,21,1,5,4,5,2,2858
0,16,22,-1,7,7,6,7,4087
0,16,23,1,3,6,1,6,1934
0,16,24,-1,6,6,5,6,3502
0,16,25,1,0,2,0,5,133
0,16,26,-1,5,6,3,6,2974
0,16,27,1,5,2,3,2,2714
0,16,28,-1,7,3,7,2,3834
0,16,29,1,4,5,1,5,2381
0,16,30,-1,6,0,6,6,3126
0,16,31,1,3,2,0,2,1666
0,16,32,-1,3,6,3,2,1946
0,16,33,1,0,2,0,3,131
0,16,34,-1,7,5,6,5,3957
0,16,35,1,1,6,2,6,918
0,16,36,-1,3,2,4,2,1698
0,16,37,1,2,6,4,6,1446
0,16,38,-1,6,7,0,7,3527
0,16,39,1,4,1,4,0,2144
0,16,40,-1,0,7,6,7,503
0,16,41,1,4,4,2,4,2324
0,16,42,-1,7,2,1,2,3722
0,16,43,1,4,6,4,7,2471
0,16,44,-1,7,4,7,2,3898
0,16,45,1,4,0,3,0,2072
0,16,46,-1,6,6,1,6,3470
0,16,47,1,4,7,4,5,2533
0,16,48,-1,7,2,7,7,3775
0,16,49,1,0,3,0,2,194
0,16,50,-1,1,2,6,2,690
0,16,51,1,2,4,6,4,1332
0,16,52,-1,7,7,7,6,4094
0,16,53,1,6,4,2,4,3348
0,16,54,-1,6,7,1,7,3535
0,16,55,1,2,4,0,4,1284
0,16,56,-1,1,6,1,4,908
0,16,57,1,0,2,0,1,129
0,16,58,-1,1,4,5,4,812
0,16,59,1,4,5,4,0,2400
0,16,60,-1,6,5,6,7,3447
0,16,61,1,3,0,3,7,1567
0,16,62,-1,6,2,4,2,3234
0,16,63,1,4,0,4,1,2081
0,16,64,-1,5,4,4,4,2852
0,16,65,1,0,0,1,0,8
0,16,66,-1,6,7,6,5,3573
0,16,67,1,4,1,4,0,2144
0,16,68,-1,7,6,7,3,4027
0,16,69,1,3,7,3,6,2014
0,16,70,-1,6,5,6,7,3447
0,16,71,1,1,0,1,6,526
0,16,72,-1,4,4,3,4,2332
0,16,73,1,1,6,1,3,907
0,16,74,-1,7,3,6,3,3827
0,16,75,1,0,4,0,2,258
0,16,76,-1,1,7,0,7,967
0,16,77,1,3,6,2,6,1942
0,16,78,-1,4,2,1,2,2186
0,16,79,1,0,5,0,6,326
0,16,80,-1,0,7,4,7,487
0,16,81,1,0,6,1,6,398
0,16,82,-1,4,7,4,3,2531
0,16,83,1,2,6,2,7,1431
0,16,84,-1,4,3,4,1,2273
0,16,85,1,0,2,0,7,135
0,16,86,-1,6,7,6,4,3572
0,16,87,1,1,3,4,3,739
0,16,88,-1,6,4,7,4,3388
0,16,89,1,4,0,5,0,2088
0,16,90,-1,1,2,1,3,651
0,16,91,1,0,7,1,7,463
0,16,92,-1,7,4,7,7,3903
0,16,93,1,5,0,2,0,2576
0,16,94,-1,6,3,4,3,3299
0,16,95,1,0,1,0,4,68
0,16,96,-1,4,3,4,7,2279
0,16,97,1,0,4,0,1,257
0,16,98,-1,3,4,3,7,1823
0,16,99,1,2,0,2,3,1043
0,16,100,-1,7,0,7,4,3644
0,16,101,1,1,6,2,6,918
0,16,102,-1,3,7,3,0,2008
0,16,103,1,1,7,1,4,972
0,16,104,-1,7,4,4,4,3876
0,16,105,1,1,4,1,7,783
0,16,106,-1,7,7,6,7,4087
0,16,107,1,2,6,4,6,1446
0,16,108,-1,4,4,2,4,2324
0,16,109,1,2,3,7,3,1275
0,16,110,-1,2,4,3,4,1308
0,16,111,1,7,3,3,3,3803
0,16,112,-1,1,3,1,5,717
0,16,113,1,4,6,2,6,2454
0,16,114,-1,4,7,4,4,2532
0,16,115,1,1,7,1,6,974
0,16,116,-1,1,5,3,5,861
0,16,117,1,2,6,2,1,1425
0,16,118,-1,4,4,6,4,2356
0,16,119,1,1,6,6,6,950
0,16,120,-1,3,4,0,4,1796
0,16,121,1,0,1,1,1,73
0,16,122,-1,3,0,6,0,1584
0,16,123,1,1,1,1,6,590
0,16,124,-1,6,0,7,0,3128
0,16,125,1,2,7,2,4,1492
0,16,126,-1,0,4,0,7,263
0,16,127,1,2,4,2,2,1298
0,16,128,-1,7,0,2,0,3600
0,16,129,1,1,6,2,6,918
0,16,130,-1,6,4,2,4,3348
0,16,131,1,2,6,2,5,1429
0,16,132,-1,2,4,3,4,1308
0,16,133,1,2,5,2,6,1366
0,16,134,-1,2,0,4,0,1056
0,16,135,1,2,6,4,6,1446
0,16,136,-1,3,5,1,5,1869
0,16,137,1,4,6,3,6,2462
0,16,138,-1,4,0,6,0,2096
0,16,139,1,3,6,0,6,1926
0,16,140,-1,1,5,6,5,885
0,16,141,1,0,6,0,2,386
0,16,142,-1,6,0,0,0,3072
0,17,1,1,0,1,2,1,81
0,17,2,-1,7,4,5,4,3884
0,17,3,1,0,7,3,7,479
0,17,4,-1,7,6,1,6,3982
0,17,5,1,3,7,3,2,2010
0,17,6,-1,7,5,3,5,3933
0,17,7,1,0,4,4,4,292
0,17,8,-1,5,4,5,5,2861
0,17,9,1,3,2,1,2,1674
0,17,10,-1,7,3,7,5,3837
0,17,11,1,0,0,0,1,1
0,17,12,-1,1,6,1,7,911
0,17,13,1,4,4,6,4,2356
0,17,14,-1,1,7,5,7,1007
0,17,15,1,6,4,1,4,3340
0,17,16,-1,3,5,1,5,1869
0,17,17,1,2,1,6,1,1137
0,17,18,-1,7,7,6,7,4087
0,17,19,1,1,4,4,4,804
0,17,20,-1,1,5,2,5,853
0,17,21,1,6,1,6,4,3188
0,17,22,-1,2,5,2,3,1363
0,17,23,1,4,4,4,1,2337
0,17,24,-1,7,5,7,6,3966
0,17,25,1,6,4,7,4,3388
0,17,26,-1,7,6,7,5,4029
0,17,27,1,4,1,4,3,2147
0,17,28,-1,7,2,5,2,3754
0,17,29,1,4,3,6,3,2291
0,17,30,-1,7,1,7,4,3708
0,17,31,1,0,1,1,1,73
0,17,32,-1,5,7,2,7,3031
0,17,33,1,0,6,5,6,430
0,17,34,-1,7,4,7,2,3898
0,17,35,1,6,3,3,3,3291
0,17,36,-1,5,5,3,5,2909
0,17,37,1,1,1,1,0,584
0,17,38,-1,6,7,6,5,3573
0,17,39,1,1,0,6,0,560
0,17,40,-1,2,7,7,7,1535
0,17,41,1,3,3,3,2,1754
0,17,42,-1,5,2,4,2,2722
0,17,43,1,5,6,6,6,2998
0,17,44,-1,7,5,4,5,3941
0,17,45,1,6,6,3,6,3486
0,17,46,-1,4,5,3,5,2397
0,17,47,1,3,6,1,6,1934
0,17,48,-1,3,5,6,5,1909
0,17,49,1,1,6,1,4,908
0,17,50,-1,4,2,4,5,2213
0,17,51,1,6,0,4,0,3104
0,17,52,-1,6,5,6,7,3447
0,17,53,1,4,0,6,0,2096
0,17,54,-1,7,2,7,1,3769
0,17,55,1,6,0,1,0,3080
0,17,56,-1,4,5,1,5,2381
0,17,57,1,0,3,3,3,219
0,17,58,-1,1,5,7,5,893
0,17,59,1,0,5,4,5,357
0,17,60,-1,7,1,7,4,3708
0,17,61,1,1,2,1,3,651
0,17,62,-1,7,7,7,6,4094
0,17,63,1,0,2,0,5,133
0,17,64,-1,7,6,6,6,4022
0,17,65,1,1,0,1,2,522
0,17,66,-1,6,6,7,6,3518
0,17,67,1,3,2,4,2,1698
0,17,68,-1,7,4,7,2,3898
0,17,69,1,3,3,5,3,1771
0,17,70,-1,6,7,6,2,3570
0,17,71,1,5,3,2,3,2771
0,17,72,-1,7,6,2,6,3990
0,17,73,1,1,4,3,4,796
0,17,74,-1,2,6,2,4,1428
0,17,75,1,2,3,3,3,1243
0,17,76,-1,7,5,6,5,3957
0,17,77,1,3,3,3,1,1753
0,17,78,-1,6,2,6,4,3252
0,17,79,1,3,1,3,6,1630
0,17,80,-1,7,2,7,7,3775
0,17,81,1,1,3,6,3,755
0,17,82,-1,6,5,6,6,3446
0,17,83,1,0,5,0,2,322
0,17,84,-1,7,0,7,4,3644
0,17,85,1,4,5,4,7,2407
0,17,86,-1,7,4,7,1,3897
0,17,87,1,3,6,5,6,1966
0,17,88,-1,7,7,6,7,4087
0,17,89,1,5,6,2,6,2966
0,17,90,-1,6,4,6,5,3381
0,17,91,1,4,7,4,5,2533
0,17,92,-1,6,6,4,6,3494
0,17,93,1,4,2,4,3,2211
0,17,94,-1,4,6,5,6,2478
0,17,95,1,2,6,4,6,1446
0,17,96,-1,7,1,7,5,3709
0,17,97,1,1,2,6,2,690
0,17,98,-1,2,4,0,4,1284
0,17,99,1,4,3,2,3,2259
0,17,100,-1,0,4,0,5,261
0,17,101,1,4,6,3,6,2462
0,17,102,-1,5,6,5,4,2988
0,17,103,1,0,2,1,2,138
0,17,104,-1,0,5,0,7,327
0,17,105,1,6,2,5,2,3242
0,17,106,-1,5,4,0,4,2820
0,17,107,1,5,2,6,2,2738
0,17,108,-1,0,7,0,6,454
0,17,109,1,3,6,3,4,1948
0,17,110,-1,7,5,7,2,3962
0,17,111,1,2,3,3,3,1243
0,17,112,-1,0,4,2,4,276
0,17,113,1,3,4,6,4,1844
0,17,114,-1,7,2,7,1,3769
0,17,115,1,3,3,2,3,1747
0,17,116,-1,7,1,6,1,3697
0,17,117,1,1,2,7,2,698
0,17,118,-1,0,6,0,1,385
0,17,119,1,2,3,7,3,1275
0,17,120,-1,0,1,0,0,64
0,17,121,1,7,3,4,3,3811
0,17,122,-1,6,7,0,7,3527
0,17,123,1,7,2,7,7,3775
0,17,124,-1,2,4,3,4,1308
0,17,125,1,7,7,7,5,4093
0,17,126,-1,6,1,2,1,3153
0,17,127,1,7,5,7,7,3967
0,17,128,-1,3,4,3,5,1821
0,17,129,1,4,3,4,2,2274
0,17,130,-1,2,1,2,4,1108
0,17,131,1,7,7,7,3,4091
0,17,132,-1,6,5,6,4,3444
0,17,133,1,4,2,4,3,2211
0,17,134,-1,6,4,6,7,3383
0,17,135,1,4,3,6,3,2291
0,17,136,-1,3,5,6,5,1909
0,17,137,1,6,3,4,3,3299
0,17,138,-1,2,4,0,4,1284
0,17,139,1,7,3,5,3,3819
0,17,140,-1,0,4,6,4,308
0,17,141,1,4,3,4,4,2276
0,17,142,-1,0,0,5,0,40
0,17,143,1,5,3,6,3,2803
0,17,144,-1,6,7,3,7,3551
0,17,145,1,6,3,5,3,3307
0,17,146,-1,3,7,1,7,1999
0,17,147,1,5,3,5,2,2794
0,17,148,-1,1,7,1,5,973
0,17,149,1,4,4,3,4,2332
0,17,150,-1,0,7,3,7,479
0,17,151,1,5,2,5,4,2732
0,17,152,-1,1,5,0,5,837
0,17,153,1,3,4,1,4,1804
0,17,154,-1,3,7,0,7,1991
0,17,155,1,5,4,5,1,2857
0,17,156,-1,0,5,0,1,321
0,17,157,1,5,1,5,5,2669
0,17,158,-1,0,7,1,7,463
0,17,159,1,1,4,3,4,796
0,17,160,-1,1,7,1,2,970
0,17,161,1,3,4,4,4,1828
0,17,162,-1,5,0,0,0,2560
0,17,163,1,5,5,5,0,2920
0,17,164,-1,0,1,0,7,71
0,17,165,1,5,0,5,7,2607
0,17,166,-1,0,0,1,0,8
0,18,1,1,0,6,5,6,430
0,18,2,-1,7,5,6,5,3957
0,18,3,1,5,6,3,6,2974
0,18,4,-1,7,6,6,6,4022
0,18,5,1,0,0,6,0,48
0,18,6,-1,7,4,2,4,3860
0,18,7,1,6,0,0,0,3072
0,18,8,-1,6,6,5,6,3502
0,18,9,1,0,7,3,7,479
0,18,10,-1,5,6,6,6,2998
0,18,11,1,0,4,1,4,268
0,18,12,-1,6,6,4,6,3494
0,18,13,1,3,6,3,2,1946
0,18,14,-1,7,3,5,3,3819
0,18,15,1,0,0,6,0,48
0,18,16,-1,2,4,2,5,1301
0,18,17,1,1,4,1,5,781
0,18,18,-1,4,6,4,7,2471
0,18,19,1,3,2,3,5,1693
0,18,20,-1,6,5,6,4,3444
0,18,21,1,1,5,1,0,840
0,18,22,-1,6,4,6,3,3379
0,18,23,1,6,0,6,1,3121
0,18,24,-1,7,2,1,2,3722
0,18,25,1,3,7,1,7,1999
0,18,26,-1,7,0,3,0,3608
0,18,27,1,1,0,0,0,512
0,18,28,-1,7,7,7,6,4094
0,18,29,1,0,1,4,1,97
0,18,30,-1,3,0,4,0,1568
0,18,31,1,0,2,0,1,129
0,18,32,-1,7,1,7,3,3707
0,18,33,1,3,5,3,0,1880
0,18,34,-1,4,7,4,1,2529
0,18,35,1,0,3,1,3,203
0,18,36,-1,4,1,2,1,2129
0,18,37,1,1,7,4,7,999
0,18,38,-1,7,6,2,6,3990
0,18,39,1,4,7,4,1,2529
0,18,40,-1,6,3,6,7,3319
0,18,41,1,0,5,7,5,381
0,18,42,-1,6,7,4,7,3559
0,18,43,1,3,0,3,2,1562
0,18,44,-1,4,0,4,5,2085
0,18,45,1,6,1,2,1,3153
0,18,46,-1,4,5,3,5,2397
0,18,47,1,0,0,7,0,56
0,18,48,-1,4,7,0,7,2503
0,18,49,1,7,0,1,0,3592
0,18,50,-1,0,7,0,5,453
0,18,51,1,1,0,1,2,522
0,18,52,-1,3,5,3,6,1886
0,18,53,1,3,2,7,2,1722
0,18,54,-1,3,6,3,2,1946
0,18,55,1,7,2,7,1,3769
0,18,56,-1,2,6,6,6,1462
0,18,57,1,7,5,7,6,3966
0,18,58,-1,5,3,5,6,2798
0,18,59,1,2,1,2,5,1109
0,18,60,-1,5,6,1,6,2958
0,18,61,1,7,6,7,3,4027
0,18,62,-1,1,6,5,6,942
0,18,63,1,1,3,3,3,731
0,18,64,-1,0,5,0,2,322
0,18,65,1,2,5,2,2,1362
0,18,66,-1,3,2,7,2,1722
0,18,67,1,7,3,5,3,3819
0,18,68,-1,7,2,1,2,3722
0,18,69,1,3,3,3,4,1756
0,18,70,-1,6,6,6,5,3509
0,18,71,1,3,4,2,4,1812
0,18,72,-1,6,5,2,5,3413
0,18,73,1,2,4,3,4,1308
0,18,74,-1,5,6,6,6,2998
0,18,75,1,3,4,3,5,1821
0,18,76,-1,2,5,2,3,1363
0,18,77,1,7,1,7,0,3704
0,18,78,-1,2,3,4,3,1251
0,18,79,1,3,5,3,6,1886
0,18,80,-1,4,3,4,6,2278
0,18,81,1,7,0,7,1,3641
0,18,82,-1,0,2,0,3,131
0,18,83,1,7,1,3,1,3673
0,18,84,-1,0,3,3,3,219
0,18,85,1,3,1,5,1,1641
0,18,86,-1,3,3,1,3,1739
0,18,87,1,3,6,0,6,1926
0,18,88,-1,1,3,1,7,719
0,18,89,1,5,1,6,1,2673
0,18,90,-1,1,2,6,2,690
0,18,91,1,5,3,5,6,2798
0,18,92,-1,6,2,6,3,3251
0,18,93,1,0,6,2,6,406
0,18,94,-1,6,3,5,3,3307
0,18,95,1,5,6,5,5,2989
0,18,96,-1,1,7,1,1,969
0,18,97,1,5,5,4,5,2917
0,18,98,-1,1,1,1,2,586
0,18,99,1,2,6,2,7,1431
0,18,100,-1,1,2,0,2,642
0,18,101,1,4,5,3,5,2397
0,18,102,-1,0,2,0,5,133
0,18,103,1,3,5,3,0,1880
0,18,104,-1,6,6,5,6,3502
0,18,105,1,2,7,2,3,1491
0,18,106,-1,5,6,1,6,2958
0,18,107,1,2,3,0,3,1219
0,18,108,-1,0,5,1,5,333
0,18,109,1,6,1,2,1,3153
0,18,110,-1,5,3,5,5,2797
0,18,111,1,0,3,0,5,197
0,18,112,-1,5,5,5,7,2927
0,18,113,1,2,1,5,1,1129
0,18,114,-1,5,7,5,4,3052
0,18,115,1,3,0,4,0,1568
0,18,116,-1,5,4,5,7,2863
0,18,117,1,4,0,0,0,2048
0,18,118,-1,1,6,2,6,918
0,18,119,1,5,1,5,6,2670
0,18,120,-1,1,5,1,4,844
0,18,121,1,0,0,7,0,56
0,18,122,-1,1,4,4,4,804
0,18,123,1,5,6,5,1,2985
0,18,124,-1,5,7,5,2,3050
0,18,125,1,0,5,7,5,381
0,18,126,-1,5,2,5,3,2731
0,18,127,1,0,1,4,1,97
0,18,128,-1,4,4,5,4,2348
0,18,129,1,7,5,7,2,3962
0,18,130,-1,2,6,5,6,1454
0,18,131,1,7,2,4,2,3746
0,18,132,-1,5,6,1,6,2958
0,18,133,1,7,0,7,1,3641
0,18,134,-1,5,3,2,3,2771
0,18,135,1,4,2,2,2,2194
0,18,136,-1,2,3,5,3,1259
0,18,137,1,4,1,4,3,2147
0,18,138,-1,5,4,5,5,2861
0,18,139,1,5,1,2,1,2641
0,18,140,-1,1,6,1,5,909
0,18,141,1,2,1,1,1,1097
0,19,1,1,0,4,4,4,292
0,19,2,-1,7,2,6,2,3762
0,19,3,1,4,4,2,4,2324
0,19,4,-1,6,2,4,2,3234
0,19,5,1,2,4,6,4,1332
0,19,6,-1,4,2,4,3,2211
0,19,7,1,6,4,6,6,3382
0,19,8,-1,7,7,5,7,4079
0,19,9,1,0,1,4,1,97
0,19,10,-1,7,4,5,4,3884
0,19,11,1,6,6,2,6,3478
0,19,12,-1,5,7,7,7,3071
0,19,13,1,0,0,6,0,48
0,19,14,-1,4,3,5,3,2283
0,19,15,1,4,1,4,5,2149
0,19,16,-1,5,3,2,3,2771
0,19,17,1,0,7,4,7,487
0,19,18,-1,2,3,2,2,1234
0,19,19,1,2,6,2,4,1428
0,19,20,-1,7,7,5,7,4079
0,19,21,1,4,5,3,5,2397
0,19,22,-1,7,5,6,5,3957
0,19,23,1,3,5,3,4,1884
0,19,24,-1,5,4,5,2,2858
0,19,25,1,3,4,5,4,1836
0,19,26,-1,6,5,6,6,3446
0,19,27,1,4,7,1,7,2511
0,19,28,-1,5,7,2,7,3031
0,19,29,1,5,4,4,4,2852
0,19,30,-1,6,6,5,6,3502
0,19,31,1,0,3,4,3,227
0,19,32,-1,7,6,7,7,4031
0,19,33,1,4,3,3,3,2267
0,19,34,-1,5,6,6,6,2998
0,19,35,1,0,2,0,3,131
0,19,36,-1,2,7,5,7,1519
0,19,37,1,0,3,0,2,194
0,19,38,-1,6,6,3,6,3486
0,19,39,1,1,7,4,7,999
0,19,40,-1,5,2,5,6,2734
0,19,41,1,4,4,2,4,2324
0,19,42,-1,7,1,6,1,3697
0,19,43,1,0,5,7,5,381
0,19,44,-1,7,0,7,2,3642
0,19,45,1,3,3,5,3,1771
0,19,46,-1,6,1,6,7,3191
0,19,47,1,4,7,0,7,2503
0,19,48,-1,3,6,2,6,1942
0,19,49,1,5,3,0,3,2755
0,19,50,-1,5,6,5,1,2985
0,19,51,1,0,3,1,3,203
0,19,52,-1,7,3,7,6,3838
0,19,53,1,0,2,0,5,133
0,19,54,-1,5,1,5,2,2666
0,19,55,1,6,0,0,0,3072
0,19,56,-1,5,2,6,2,2738
0,19,57,1,1,3,1,7,719
0,19,58,-1,2,6,2,3,1427
0,19,59,1,1,7,1,6,974
0,19,60,-1,2,2,2,0,1168
0,19,61,1,0,0,1,0,8
0,19,62,-1,2,0,7,0,1080
0,19,63,1,0,5,7,5,381
0,19,64,-1,7,0,3,0,3608
0,19,65,1,1,0,0,0,512
0,19,66,-1,2,3,5,3,1259
0,19,67,1,0,7,2,7,471
0,19,68,-1,7,6,2,6,3990
0,19,69,1,7,5,3,5,3933
0,19,70,-1,3,0,7,0,1592
0,19,71,1,0,0,0,2,2
0,19,72,-1,7,0,2,0,3600
0,19,73,1,3,5,3,1,1881
0,19,74,-1,2,0,4,0,1056
0,19,75,1,1,6,1,1,905
0,19,76,-1,6,2,6,4,3252
0,19,77,1,0,2,0,4,132
0,19,78,-1,6,4,7,4,3388
0,19,79,1,0,4,0,0,256
0,19,80,-1,2,6,2,4,1428
0,19,81,1,3,1,2,1,1617
0,19,82,-1,7,2,7,0,3768
0,19,83,1,2,1,3,1,1113
0,19,84,-1,7,0,7,2,3642
0,19,85,1,2,7,2,3,1491
0,19,86,-1,5,3,6,3,2803
0,19,87,1,0,0,1,0,8
0,19,88,-1,4,0,3,0,2072
0,19,89,1,1,1,2,1,593
0,19,90,-1,3,0,2,0,1552
0,19,91,1,2,3,5,3,1259
0,19,92,-1,7,4,7,5,3901
0,19,93,1,2,1,0,1,1089
0,19,94,-1,6,7,6,5,3573
0,19,95,1,0,6,4,6,422
0,19,96,-1,7,2,5,2,3754
0,19,97,1,4,6,6,6,2486
0,19,98,-1,6,3,4,3,3299
0,19,99,1,3,1,3,4,1628
0,19,100,-1,5,2,6,2,2738
0,19,101,1,1,0,1,6,526
0,19,102,-1,4,3,3,3,2267
0,19,103,1,6,6,5,6,3502
0,19,104,-1,2,0,2,1,1041
0,19,105,1,0,1,0,7,71
0,19,106,-1,7,5,7,6,3966
0,19,107,1,5,6,5,3,2987
0,19,108,-1,6,2,1,2,3210
0,19,109,1,3,4,1,4,1804
0,19,110,-1,7,7,6,7,4087
0,19,111,1,5,3,5,6,2798
0,19,112,-1,2,1,6,1,1137
0,19,113,1,5,6,2,6,2966
0,19,114,-1,6,1,1,1,3145
0,19,115,1,2,6,2,5,1429
0,19,116,-1,7,6,7,4,4028
0,19,117,1,1,4,2,4,788
0,19,118,-1,6,5,6,3,3443
0,19,119,1,1,6,5,6,942
0,19,120,-1,7,4,7,7,3903
0,19,121,1,2,4,3,4,1308
0,19,122,-1,1,1,5,1,617
0,19,123,1,2,5,1,5,1357
0,19,124,-1,5,1,5,4,2668
0,19,125,1,3,4,3,6,1822
0,19,126,-1,5,4,2,4,2836
0,19,127,1,0,7,4,7,487
0,19,128,-1,2,4,0,4,1284
0,19,129,1,3,6,3,4,1948
0,19,130,-1,1,2,1,3,651
0,19,131,1,4,7,4,0,2528
0,19,132,-1,6,3,6,4,3316
0,19,133,1,4,0,2,0,2064
0,19,134,-1,6,4,3,4,3356
0,19,135,1,1,5,1,6,846
0,19,136,-1,7,7,7,0,4088
0,19,137,1,1,6,2,6,918
0,19,138,-1,3,3,7,3,1787
0,19,139,1,2,6,4,6,1446
0,19,140,-1,0,4,0,0,256
0,19,141,1,4,6,4,3,2467
0,19,142,-1,1,3,3,3,731
0,20,1,1,0,0,1,0,8
0,20,2,-1,7,3,5,3,3819
0,20,3,1,0,3,1,3,203
0,20,4,-1,7,2,4,2,3746
0,20,5,1,0,4,1,4,268
0,20,6,-1,7,4,7,2,3898
0,20,7,1,1,4,1,5,781
0,20,8,-1,7,5,3,5,3933
0,20,9,1,1,3,1,1,713
0,20,10,-1,4,2,4,3,2211
0,20,11,1,0,7,2,7,471
0,20,12,-1,3,5,3,1,1881
0,20,13,1,0,2,0,3,131
0,20,14,-1,7,6,6,6,4022
0,20,15,1,1,0,6,0,560
0,20,16,-1,7,1,6,1,3697
0,20,17,1,1,5,6,5,885
0,20,18,-1,7,7,5,7,4079
0,20,19,1,1,1,2,1,593
0,20,20,-1,4,3,4,5,2277
0,20,21,1,0,3,3,3,219
0,20,22,-1,3,1,4,1,1633
0,20,23,1,2,1,3,1,1113
0,20,24,-1,4,5,4,7,2407
0,20,25,1,2,7,0,7,1479
0,20,26,-1,4,1,4,6,2150
0,20,27,1,3,1,2,1,1617
0,20,28,-1,5,3,6,3,2803
0,20,29,1,3,3,5,3,1771
0,20,30,-1,6,6,5,6,3502
0,20,31,1,6,0,6,1,3121
0,20,32,-1,7,2,7,4,3772
0,20,33,1,2,1,2,7,1111
0,20,34,-1,7,4,7,2,3898
0,20,35,1,6,1,2,1,3153
0,20,36,-1,4,6,3,6,2462
0,20,37,1,0,5,0,2,322
0,20,38,-1,6,3,6,7,3319
0,20,39,1,0,2,1,2,138
0,20,40,-1,6,7,6,1,3569
0,20,41,1,1,2,1,7,655
0,20,42,-1,7,2,5,2,3754
0,20,43,1,1,7,1,1,969
0,20,44,-1,5,6,5,5,2989
0,20,45,1,2,7,2,6,1494
0,20,46,-1,6,1,6,7,3191
0,20,47,1,2,1,7,1,1145
0,20,48,-1,7,0,3,0,3608
0,20,49,1,2,6,2,3,1427
0,20,50,-1,3,0,6,0,1584
0,20,51,1,2,3,6,3,1267
0,20,52,-1,5,2,5,3,2731
0,20,53,1,7,1,7,4,3708
0,20,54,-1,4,7,4,0,2528
0,20,55,1,0,7,1,7,463
0,20,56,-1,5,5,3,5,2909
0,20,57,1,7,4,2,4,3860
0,20,58,-1,3,6,2,6,1942
0,20,59,1,1,1,1,0,584
0,20,60,-1,5,3,5,6,2798
0,20,61,1,0,1,0,3,67
0,20,62,-1,2,6,1,6,1422
0,20,63,1,1,7,4,7,999
0,20,64,-1,5,6,5,4,2988
0,20,65,1,4,7,4,5,2533
0,20,66,-1,5,7,2,7,3031
0,20,67,1,2,4,2,5,1301
0,20,68,-1,2,7,4,7,1511
0,20,69,1,1,0,1,3,523
0,20,70,-1,6,0,6,1,3121
0,20,71,1,2,5,4,5,1381
0,20,72,-1,4,0,6,0,2096
0,20,73,1,4,5,7,5,2429
0,20,74,-1,4,7,2,7,2519
0,20,75,1,7,5,3,5,3933
0,20,76,-1,1,6,1,4,908
0,20,77,1,1,3,3,3,731
0,20,78,-1,5,4,5,0,2856
0,20,79,1,0,3,0,5,197
0,20,80,-1,1,4,1,7,783
0,20,81,1,3,3,3,1,1753
0,20,82,-1,5,0,4,0,2592
0,20,83,1,0,5,0,2,322
0,20,84,-1,4,0,5,0,2088
0,20,85,1,0,6,1,6,398
0,20,86,-1,6,7,4,7,3559
0,20,87,1,0,2,1,2,138
0,20,88,-1,2,7,2,4,1492
0,20,89,1,3,5,0,5,1861
0,20,90,-1,6,1,6,3,3187
0,20,91,1,0,5,0,1,321
0,20,92,-1,2,4,2,1,1297
0,20,93,1,1,6,5,6,942
0,20,94,-1,6,3,6,4,3316
0,20,95,1,5,6,5,3,2987
0,20,96,-1,4,7,4,3,2531
0,20,97,1,3,1,3,4,1628
0,20,98,-1,6,0,7,0,3128
0,20,99,1,3,4,3,6,1822
0,20,100,-1,7,0,7,6,3646
0,20,101,1,0,1,0,3,67
0,20,102,-1,6,4,1,4,3340
0,20,103,1,3,6,3,2,1946
0,20,104,-1,1,4,0,4,772
0,20,105,1,5,3,5,6,2798
0,20,106,-1,2,1,4,1,1121
0,20,107,1,5,6,4,6,2982
0,20,108,-1,4,1,5,1,2153
0,20,109,1,3,2,2,2,1682
0,20,110,-1,0,4,1,4,268
0,20,111,1,4,6,4,3,2467
0,20,112,-1,5,1,1,1,2633
0,20,113,1,0,3,1,3,203
0,20,114,-1,7,6,2,6,3990
0,20,115,1,2,2,4,2,1186
0,20,116,-1,1,1,1,0,584
0,20,117,1,4,3,1,3,2251
0,20,118,-1,1,7,1,6,974
0,20,119,1,4,2,4,3,2211
0,20,120,-1,1,4,1,3,779
0,20,121,1,4,3,4,6,2278
0,20,122,-1,1,0,3,0,536
0,20,123,1,4,6,4,1,2465
0,20,124,-1,2,6,2,7,1431
0,20,125,1,4,1,3,1,2137
0,20,126,-1,1,3,3,3,731
