iteration,game_number,player,count
0,1,-1,36
0,1,1,37
0,2,-1,143
0,2,1,144
0,3,-1,85
0,3,1,85
0,4,-1,78
0,4,1,78
0,5,-1,68
0,5,1,68
0,6,-1,105
0,6,1,106
0,7,-1,79
0,7,1,80
0,8,-1,107
0,8,1,108
0,9,-1,96
0,9,1,96
0,10,-1,61
0,10,1,62
0,11,-1,102
0,11,1,103
0,12,-1,64
0,12,1,64
0,13,-1,91
0,13,1,92
0,14,-1,52
0,14,1,52
0,15,-1,106
0,15,1,106
0,16,-1,71
0,16,1,71
0,17,-1,83
0,17,1,83
0,18,-1,70
0,18,1,71
0,19,-1,71
0,19,1,71
0,20,-1,63
0,20,1,63
1,1,-1,86
1,1,1,87
1,2,-1,86
1,2,1,86
1,3,-1,81
1,3,1,81
1,4,-1,102
1,4,1,103
1,5,-1,70
1,5,1,71
1,6,-1,70
1,6,1,71
1,7,-1,72
1,7,1,73
1,8,-1,62
1,8,1,62
1,9,-1,115
1,9,1,115
1,10,-1,34
1,10,1,35
1,11,-1,25
1,11,1,25
1,12,-1,127
1,12,1,127
1,13,-1,45
1,13,1,46
1,14,-1,46
1,14,1,47
1,15,-1,113
1,15,1,114
1,16,-1,57
1,16,1,58
1,17,-1,73
1,17,1,74
1,18,-1,105
1,18,1,105
1,19,-1,72
1,19,1,73
1,20,-1,57
1,20,1,57
2,1,-1,89
2,1,1,90
2,2,-1,28
2,2,1,29
2,3,-1,102
2,3,1,102
2,4,-1,43
2,4,1,44
2,5,-1,25
2,5,1,25
2,6,-1,125
2,6,1,126
2,7,-1,55
2,7,1,56
2,8,-1,38
2,8,1,39
2,9,-1,25
2,9,1,25
2,10,-1,31
2,10,1,31
2,11,-1,25
2,11,1,25
2,12,-1,70
2,12,1,71
2,13,-1,81
2,13,1,81
2,14,-1,45
2,14,1,45
2,15,-1,25
2,15,1,25
2,16,-1,47
2,16,1,48
2,17,-1,38
2,17,1,39
2,18,-1,53
2,18,1,54
2,19,-1,73
2,19,1,73
2,20,-1,85
2,20,1,86
3,1,-1,50
3,1,1,51
3,2,-1,43
3,2,1,44
3,3,-1,25
3,3,1,25
3,4,-1,25
3,4,1,25
3,5,-1,25
3,5,1,25
3,6,-1,29
3,6,1,30
3,7,-1,105
3,7,1,105
3,8,-1,115
3,8,1,116
3,9,-1,25
3,9,1,25
3,10,-1,58
3,10,1,59
3,11,-1,45
3,11,1,46
3,12,-1,42
3,12,1,43
3,13,-1,25
3,13,1,25
3,14,-1,98
3,14,1,99
3,15,-1,25
3,15,1,25
3,16,-1,95
3,16,1,96
3,17,-1,52
3,17,1,53
3,18,-1,25
3,18,1,25
3,19,-1,25
3,19,1,25
3,20,-1,110
3,20,1,110
4,1,-1,25
4,1,1,25
4,2,-1,25
4,2,1,25
4,3,-1,25
4,3,1,25
4,4,-1,96
4,4,1,97
4,5,-1,93
4,5,1,94
4,6,-1,135
4,6,1,135
4,7,-1,29
4,7,1,29
4,8,-1,114
4,8,1,114
4,9,-1,98
4,9,1,99
4,10,-1,102
4,10,1,103
4,11,-1,40
4,11,1,40
4,12,-1,29
4,12,1,29
4,13,-1,106
4,13,1,107
4,14,-1,25
4,14,1,25
4,15,-1,36
4,15,1,37
4,16,-1,80
4,16,1,80
4,17,-1,25
4,17,1,25
4,18,-1,25
4,18,1,25
4,19,-1,25
4,19,1,25
4,20,-1,25
4,20,1,25
5,1,-1,61
5,1,1,62
5,2,-1,25
5,2,1,25
5,3,-1,25
5,3,1,25
5,4,-1,88
5,4,1,88
5,5,-1,51
5,5,1,51
5,6,-1,62
5,6,1,62
5,7,-1,30
5,7,1,31
5,8,-1,49
5,8,1,50
5,9,-1,25
5,9,1,25
5,10,-1,25
5,10,1,25
5,11,-1,25
5,11,1,25
5,12,-1,144
5,12,1,144
5,13,-1,109
5,13,1,109
5,14,-1,35
5,14,1,36
5,15,-1,25
5,15,1,25
5,16,-1,25
5,16,1,25
5,17,-1,48
5,17,1,48
5,18,-1,60
5,18,1,60
5,19,-1,42
5,19,1,43
5,20,-1,25
5,20,1,25
6,1,-1,25
6,1,1,25
6,2,-1,70
6,2,1,70
6,3,-1,25
6,3,1,25
6,4,-1,35
6,4,1,36
6,5,-1,25
6,5,1,25
6,6,-1,25
6,6,1,25
6,7,-1,97
6,7,1,97
6,8,-1,109
6,8,1,110
6,9,-1,93
6,9,1,94
6,10,-1,32
6,10,1,33
6,11,-1,58
6,11,1,59
6,12,-1,43
6,12,1,43
6,13,-1,50
6,13,1,51
6,14,-1,48
6,14,1,49
6,15,-1,83
6,15,1,83
6,16,-1,25
6,16,1,25
6,17,-1,99
6,17,1,100
6,18,-1,36
6,18,1,36
6,19,-1,31
6,19,1,32
6,20,-1,74
6,20,1,75
7,1,-1,61
7,1,1,62
7,2,-1,97
7,2,1,98
7,3,-1,25
7,3,1,25
7,4,-1,31
7,4,1,32
7,5,-1,118
7,5,1,119
7,6,-1,110
7,6,1,110
7,7,-1,43
7,7,1,44
7,8,-1,25
7,8,1,25
7,9,-1,35
7,9,1,35
7,10,-1,87
7,10,1,88
7,11,-1,98
7,11,1,99
7,12,-1,53
7,12,1,54
7,13,-1,30
7,13,1,30
7,14,-1,43
7,14,1,44
7,15,-1,48
7,15,1,48
7,16,-1,25
7,16,1,25
7,17,-1,139
7,17,1,140
7,18,-1,25
7,18,1,25
7,19,-1,64
7,19,1,64
7,20,-1,149
7,20,1,150
8,1,-1,46
8,1,1,47
8,2,-1,71
8,2,1,72
8,3,-1,36
8,3,1,37
8,4,-1,57
8,4,1,58
8,5,-1,33
8,5,1,34
8,6,-1,25
8,6,1,25
8,7,-1,92
8,7,1,93
8,8,-1,25
8,8,1,25
8,9,-1,41
8,9,1,41
8,10,-1,48
8,10,1,49
8,11,-1,108
8,11,1,109
8,12,-1,116
8,12,1,117
8,13,-1,65
8,13,1,65
8,14,-1,118
8,14,1,118
8,15,-1,77
8,15,1,78
8,16,-1,55
8,16,1,56
8,17,-1,52
8,17,1,53
8,18,-1,47
8,18,1,48
8,19,-1,25
8,19,1,25
8,20,-1,44
8,20,1,45
9,1,-1,25
9,1,1,25
9,2,-1,39
9,2,1,39
9,3,-1,43
9,3,1,44
9,4,-1,122
9,4,1,123
9,5,-1,104
9,5,1,105
9,6,-1,65
9,6,1,65
9,7,-1,50
9,7,1,51
9,8,-1,25
9,8,1,25
9,9,-1,25
9,9,1,25
9,10,-1,48
9,10,1,49
9,11,-1,41
9,11,1,42
9,12,-1,87
9,12,1,87
9,13,-1,37
9,13,1,38
9,14,-1,25
9,14,1,25
9,15,-1,32
9,15,1,33
9,16,-1,31
9,16,1,32
9,17,-1,51
9,17,1,52
9,18,-1,25
9,18,1,25
9,19,-1,92
9,19,1,93
9,20,-1,28
9,20,1,29
10,1,-1,25
10,1,1,25
10,2,-1,125
10,2,1,126
10,3,-1,25
10,3,1,25
10,4,-1,25
10,4,1,25
10,5,-1,25
10,5,1,25
10,6,-1,48
10,6,1,49
10,7,-1,39
10,7,1,40
10,8,-1,64
10,8,1,64
10,9,-1,58
10,9,1,58
10,10,-1,43
10,10,1,43
10,11,-1,49
10,11,1,49
10,12,-1,109
10,12,1,110
10,13,-1,25
10,13,1,25
10,14,-1,55
10,14,1,56
10,15,-1,25
10,15,1,25
10,16,-1,25
10,16,1,25
10,17,-1,25
10,17,1,25
10,18,-1,25
10,18,1,25
10,19,-1,42
10,19,1,43
10,20,-1,51
10,20,1,51
11,1,-1,117
11,1,1,118
11,2,-1,88
11,2,1,88
11,3,-1,55
11,3,1,56
11,4,-1,31
11,4,1,31
11,5,-1,93
11,5,1,94
11,6,-1,53
11,6,1,54
11,7,-1,66
11,7,1,67
11,8,-1,28
11,8,1,29
11,9,-1,25
11,9,1,25
11,10,-1,66
11,10,1,67
11,11,-1,67
11,11,1,68
11,12,-1,46
11,12,1,47
11,13,-1,76
11,13,1,77
11,14,-1,68
11,14,1,69
11,15,-1,92
11,15,1,93
11,16,-1,25
11,16,1,25
11,17,-1,55
11,17,1,55
11,18,-1,85
11,18,1,86
11,19,-1,115
11,19,1,115
11,20,-1,50
11,20,1,51
12,1,-1,25
12,1,1,25
12,2,-1,63
12,2,1,63
12,3,-1,38
12,3,1,38
12,4,-1,44
12,4,1,45
12,5,-1,25
12,5,1,25
12,6,-1,84
12,6,1,85
12,7,-1,28
12,7,1,29
12,8,-1,44
12,8,1,45
12,9,-1,57
12,9,1,57
12,10,-1,25
12,10,1,25
12,11,-1,56
12,11,1,57
12,12,-1,34
12,12,1,35
12,13,-1,29
12,13,1,30
12,14,-1,72
12,14,1,73
12,15,-1,25
12,15,1,25
12,16,-1,96
12,16,1,97
12,17,-1,25
12,17,1,25
12,18,-1,94
12,18,1,95
12,19,-1,25
12,19,1,25
12,20,-1,25
12,20,1,25
13,1,-1,28
13,1,1,29
13,2,-1,50
13,2,1,50
13,3,-1,36
13,3,1,37
13,4,-1,29
13,4,1,30
13,5,-1,25
13,5,1,25
13,6,-1,52
13,6,1,53
13,7,-1,79
13,7,1,80
13,8,-1,25
13,8,1,25
13,9,-1,25
13,9,1,25
13,10,-1,37
13,10,1,37
13,11,-1,77
13,11,1,78
13,12,-1,85
13,12,1,85
13,13,-1,44
13,13,1,44
13,14,-1,38
13,14,1,39
13,15,-1,40
13,15,1,41
13,16,-1,74
13,16,1,75
13,17,-1,41
13,17,1,41
13,18,-1,100
13,18,1,100
13,19,-1,77
13,19,1,78
13,20,-1,31
13,20,1,32
14,1,-1,49
14,1,1,49
14,2,-1,107
14,2,1,108
14,3,-1,103
14,3,1,104
14,4,-1,25
14,4,1,25
14,5,-1,25
14,5,1,25
14,6,-1,25
14,6,1,25
14,7,-1,31
14,7,1,32
14,8,-1,49
14,8,1,50
14,9,-1,108
14,9,1,109
14,10,-1,30
14,10,1,31
14,11,-1,25
14,11,1,25
14,12,-1,48
14,12,1,49
14,13,-1,112
14,13,1,112
14,14,-1,60
14,14,1,61
14,15,-1,25
14,15,1,25
14,16,-1,51
14,16,1,52
14,17,-1,25
14,17,1,25
14,18,-1,51
14,18,1,52
14,19,-1,80
14,19,1,80
14,20,-1,39
14,20,1,40
15,1,-1,25
15,1,1,25
15,2,-1,25
15,2,1,25
15,3,-1,34
15,3,1,34
15,4,-1,29
15,4,1,29
15,5,-1,77
15,5,1,77
15,6,-1,47
15,6,1,47
15,7,-1,25
15,7,1,25
15,8,-1,146
15,8,1,147
15,9,-1,39
15,9,1,39
15,10,-1,80
15,10,1,81
15,11,-1,40
15,11,1,40
15,12,-1,46
15,12,1,46
15,13,-1,31
15,13,1,32
15,14,-1,25
15,14,1,25
15,15,-1,34
15,15,1,35
15,16,-1,29
15,16,1,30
15,17,-1,25
15,17,1,25
15,18,-1,88
15,18,1,89
15,19,-1,32
15,19,1,33
15,20,-1,29
15,20,1,30
16,1,-1,39
16,1,1,40
16,2,-1,67
16,2,1,68
16,3,-1,43
16,3,1,43
16,4,-1,77
16,4,1,78
16,5,-1,30
16,5,1,31
16,6,-1,25
16,6,1,25
16,7,-1,83
16,7,1,84
16,8,-1,96
16,8,1,96
16,9,-1,69
16,9,1,70
16,10,-1,118
16,10,1,118
16,11,-1,63
16,11,1,63
16,12,-1,25
16,12,1,25
16,13,-1,28
16,13,1,29
16,14,-1,49
16,14,1,49
16,15,-1,25
16,15,1,25
16,16,-1,25
16,16,1,25
16,17,-1,105
16,17,1,106
16,18,-1,41
16,18,1,42
16,19,-1,65
16,19,1,65
16,20,-1,25
16,20,1,25
17,1,-1,25
17,1,1,25
17,2,-1,25
17,2,1,25
17,3,-1,33
17,3,1,34
17,4,-1,25
17,4,1,25
17,5,-1,64
17,5,1,64
17,6,-1,62
17,6,1,62
17,7,-1,31
17,7,1,32
17,8,-1,95
17,8,1,95
17,9,-1,25
17,9,1,25
17,10,-1,63
17,10,1,63
17,11,-1,25
17,11,1,25
17,12,-1,45
17,12,1,45
17,13,-1,111
17,13,1,111
17,14,-1,44
17,14,1,45
17,15,-1,33
17,15,1,34
17,16,-1,30
17,16,1,31
17,17,-1,25
17,17,1,25
17,18,-1,40
17,18,1,41
17,19,-1,25
17,19,1,25
17,20,-1,111
17,20,1,111
18,1,-1,25
18,1,1,25
18,2,-1,81
18,2,1,82
18,3,-1,25
18,3,1,25
18,4,-1,104
18,4,1,104
18,5,-1,25
18,5,1,25
18,6,-1,25
18,6,1,25
18,7,-1,25
18,7,1,25
18,8,-1,86
18,8,1,87
18,9,-1,89
18,9,1,89
18,10,-1,56
18,10,1,57
18,11,-1,97
18,11,1,97
18,12,-1,25
18,12,1,25
18,13,-1,25
18,13,1,25
18,14,-1,25
18,14,1,25
18,15,-1,84
18,15,1,84
18,16,-1,70
18,16,1,70
18,17,-1,63
18,17,1,64
18,18,-1,25
18,18,1,25
18,19,-1,57
18,19,1,58
18,20,-1,87
18,20,1,88
19,1,-1,43
19,1,1,44
19,2,-1,25
19,2,1,25
19,3,-1,95
19,3,1,96
19,4,-1,25
19,4,1,25
19,5,-1,64
19,5,1,64
19,6,-1,25
19,6,1,25
19,7,-1,41
19,7,1,42
19,8,-1,105
19,8,1,106
19,9,-1,73
19,9,1,73
19,10,-1,25
19,10,1,25
19,11,-1,41
19,11,1,42
19,12,-1,30
19,12,1,31
19,13,-1,45
19,13,1,46
19,14,-1,25
19,14,1,25
19,15,-1,46
19,15,1,47
19,16,-1,58
19,16,1,59
19,17,-1,90
19,17,1,91
19,18,-1,35
19,18,1,36
19,19,-1,73
19,19,1,73
19,20,-1,25
19,20,1,25
20,1,-1,25
20,1,1,25
20,2,-1,33
20,2,1,34
20,3,-1,30
20,3,1,31
20,4,-1,82
20,4,1,82
20,5,-1,73
20,5,1,74
20,6,-1,46
20,6,1,47
20,7,-1,111
20,7,1,112
20,8,-1,68
20,8,1,69
20,9,-1,61
20,9,1,61
20,10,-1,25
20,10,1,25
20,11,-1,86
20,11,1,86
20,12,-1,74
20,12,1,75
20,13,-1,50
20,13,1,50
20,14,-1,119
20,14,1,120
20,15,-1,33
20,15,1,34
20,16,-1,80
20,16,1,81
20,17,-1,98
20,17,1,98
20,18,-1,117
20,18,1,117
20,19,-1,47
20,19,1,48
20,20,-1,94
20,20,1,95
21,1,-1,73
21,1,1,74
21,2,-1,25
21,2,1,25
21,3,-1,54
21,3,1,55
21,4,-1,46
21,4,1,47
21,5,-1,73
21,5,1,73
21,6,-1,62
21,6,1,63
21,7,-1,25
21,7,1,25
21,8,-1,42
21,8,1,43
21,9,-1,25
21,9,1,25
21,10,-1,163
21,10,1,164
21,11,-1,63
21,11,1,63
21,12,-1,78
21,12,1,79
21,13,-1,25
21,13,1,25
21,14,-1,25
21,14,1,25
21,15,-1,25
21,15,1,25
21,16,-1,70
21,16,1,71
21,17,-1,25
21,17,1,25
21,18,-1,32
21,18,1,33
21,19,-1,51
21,19,1,52
21,20,-1,47
21,20,1,48
22,1,-1,78
22,1,1,78
22,2,-1,55
22,2,1,56
22,3,-1,39
22,3,1,39
22,4,-1,25
22,4,1,25
22,5,-1,62
22,5,1,62
22,6,-1,100
22,6,1,100
22,7,-1,77
22,7,1,78
22,8,-1,34
22,8,1,34
22,9,-1,99
22,9,1,100
22,10,-1,129
22,10,1,130
22,11,-1,55
22,11,1,56
22,12,-1,25
22,12,1,25
22,13,-1,92
22,13,1,92
22,14,-1,25
22,14,1,25
22,15,-1,38
22,15,1,39
22,16,-1,90
22,16,1,91
22,17,-1,70
22,17,1,71
22,18,-1,25
22,18,1,25
22,19,-1,63
22,19,1,64
22,20,-1,25
22,20,1,25
23,1,-1,74
23,1,1,74
23,2,-1,25
23,2,1,25
23,3,-1,49
23,3,1,49
23,4,-1,59
23,4,1,60
23,5,-1,48
23,5,1,49
23,6,-1,104
23,6,1,105
23,7,-1,41
23,7,1,42
23,8,-1,37
23,8,1,38
23,9,-1,32
23,9,1,32
23,10,-1,66
23,10,1,66
23,11,-1,56
23,11,1,56
23,12,-1,25
23,12,1,25
23,13,-1,25
23,13,1,25
23,14,-1,36
23,14,1,37
23,15,-1,124
23,15,1,125
23,16,-1,67
23,16,1,67
23,17,-1,40
23,17,1,41
23,18,-1,45
23,18,1,46
23,19,-1,50
23,19,1,51
23,20,-1,25
23,20,1,25
24,1,-1,25
24,1,1,25
24,2,-1,25
24,2,1,25
24,3,-1,32
24,3,1,32
24,4,-1,35
24,4,1,35
24,5,-1,25
24,5,1,25
24,6,-1,25
24,6,1,25
24,7,-1,51
24,7,1,51
24,8,-1,25
24,8,1,25
24,9,-1,31
24,9,1,32
24,10,-1,40
24,10,1,41
24,11,-1,71
24,11,1,71
24,12,-1,62
24,12,1,63
24,13,-1,39
24,13,1,40
24,14,-1,43
24,14,1,44
24,15,-1,34
24,15,1,34
24,16,-1,32
24,16,1,32
24,17,-1,37
24,17,1,37
24,18,-1,127
24,18,1,127
24,19,-1,43
24,19,1,44
24,20,-1,42
24,20,1,42
25,1,-1,35
25,1,1,36
25,2,-1,99
25,2,1,99
25,3,-1,59
25,3,1,60
25,4,-1,30
25,4,1,30
25,5,-1,41
25,5,1,42
25,6,-1,53
25,6,1,53
25,7,-1,25
25,7,1,25
25,8,-1,46
25,8,1,47
25,9,-1,45
25,9,1,45
25,10,-1,25
25,10,1,25
25,11,-1,25
25,11,1,25
25,12,-1,73
25,12,1,74
25,13,-1,143
25,13,1,144
25,14,-1,25
25,14,1,25
25,15,-1,25
25,15,1,25
25,16,-1,46
25,16,1,47
25,17,-1,25
25,17,1,25
25,18,-1,81
25,18,1,81
25,19,-1,25
25,19,1,25
25,20,-1,108
25,20,1,109
26,1,-1,56
26,1,1,57
26,2,-1,89
26,2,1,89
26,3,-1,60
26,3,1,60
26,4,-1,25
26,4,1,25
26,5,-1,40
26,5,1,41
26,6,-1,99
26,6,1,99
26,7,-1,25
26,7,1,25
26,8,-1,38
26,8,1,39
26,9,-1,25
26,9,1,25
26,10,-1,42
26,10,1,43
26,11,-1,35
26,11,1,36
26,12,-1,49
26,12,1,50
26,13,-1,80
26,13,1,80
26,14,-1,87
26,14,1,87
26,15,-1,59
26,15,1,60
26,16,-1,36
26,16,1,37
26,17,-1,25
26,17,1,25
26,18,-1,34
26,18,1,35
26,19,-1,62
26,19,1,63
26,20,-1,78
26,20,1,79
27,1,-1,103
27,1,1,104
27,2,-1,29
27,2,1,30
27,3,-1,90
27,3,1,91
27,4,-1,101
27,4,1,101
27,5,-1,73
27,5,1,73
27,6,-1,115
27,6,1,116
27,7,-1,33
27,7,1,34
27,8,-1,25
27,8,1,25
27,9,-1,30
27,9,1,30
27,10,-1,112
27,10,1,112
27,11,-1,40
27,11,1,41
27,12,-1,102
27,12,1,103
27,13,-1,120
27,13,1,120
27,14,-1,104
27,14,1,104
27,15,-1,107
27,15,1,108
27,16,-1,45
27,16,1,46
27,17,-1,127
27,17,1,127
27,18,-1,95
27,18,1,96
27,19,-1,70
27,19,1,71
27,20,-1,97
27,20,1,98
28,1,-1,70
28,1,1,70
28,2,-1,41
28,2,1,41
28,3,-1,36
28,3,1,36
28,4,-1,62
28,4,1,63
28,5,-1,53
28,5,1,54
28,6,-1,25
28,6,1,25
28,7,-1,69
28,7,1,70
28,8,-1,25
28,8,1,25
28,9,-1,25
28,9,1,25
28,10,-1,47
28,10,1,47
28,11,-1,42
28,11,1,43
28,12,-1,41
28,12,1,42
28,13,-1,25
28,13,1,25
28,14,-1,70
28,14,1,71
28,15,-1,25
28,15,1,25
28,16,-1,72
28,16,1,72
28,17,-1,105
28,17,1,106
28,18,-1,38
28,18,1,39
28,19,-1,76
28,19,1,77
28,20,-1,34
28,20,1,35
29,1,-1,113
29,1,1,113
29,2,-1,86
29,2,1,86
29,3,-1,25
29,3,1,25
29,4,-1,71
29,4,1,72
29,5,-1,48
29,5,1,49
29,6,-1,114
29,6,1,115
29,7,-1,97
29,7,1,98
29,8,-1,25
29,8,1,25
29,9,-1,25
29,9,1,25
29,10,-1,59
29,10,1,60
29,11,-1,51
29,11,1,51
29,12,-1,25
29,12,1,25
29,13,-1,28
29,13,1,29
29,14,-1,25
29,14,1,25
29,15,-1,51
29,15,1,51
29,16,-1,25
29,16,1,25
29,17,-1,25
29,17,1,25
29,18,-1,33
29,18,1,34
29,19,-1,55
29,19,1,56
29,20,-1,104
29,20,1,105
30,1,-1,25
30,1,1,25
30,2,-1,30
30,2,1,31
30,3,-1,50
30,3,1,51
30,4,-1,40
30,4,1,41
30,5,-1,40
30,5,1,41
30,6,-1,64
30,6,1,65
30,7,-1,41
30,7,1,42
30,8,-1,31
30,8,1,32
30,9,-1,25
30,9,1,25
30,10,-1,25
30,10,1,25
30,11,-1,25
30,11,1,25
30,12,-1,37
30,12,1,37
30,13,-1,31
30,13,1,32
30,14,-1,25
30,14,1,25
30,15,-1,33
30,15,1,33
30,16,-1,64
30,16,1,64
30,17,-1,30
30,17,1,31
30,18,-1,56
30,18,1,56
30,19,-1,30
30,19,1,31
30,20,-1,58
30,20,1,59
31,1,-1,25
31,1,1,25
31,2,-1,25
31,2,1,25
31,3,-1,25
31,3,1,25
31,4,-1,25
31,4,1,25
31,5,-1,25
31,5,1,25
31,6,-1,63
31,6,1,64
31,7,-1,39
31,7,1,40
31,8,-1,25
31,8,1,25
31,9,-1,51
31,9,1,51
31,10,-1,49
31,10,1,50
31,11,-1,60
31,11,1,60
31,12,-1,25
31,12,1,25
31,13,-1,28
31,13,1,29
31,14,-1,52
31,14,1,53
31,15,-1,53
31,15,1,53
31,16,-1,57
31,16,1,57
31,17,-1,95
31,17,1,96
31,18,-1,52
31,18,1,53
31,19,-1,25
31,19,1,25
31,20,-1,77
31,20,1,78
32,1,-1,25
32,1,1,25
32,2,-1,54
32,2,1,55
32,3,-1,35
32,3,1,36
32,4,-1,25
32,4,1,25
32,5,-1,113
32,5,1,113
32,6,-1,34
32,6,1,34
32,7,-1,50
32,7,1,50
32,8,-1,75
32,8,1,76
32,9,-1,69
32,9,1,69
32,10,-1,28
32,10,1,29
32,11,-1,25
32,11,1,25
32,12,-1,30
32,12,1,31
32,13,-1,25
32,13,1,25
32,14,-1,35
32,14,1,36
32,15,-1,36
32,15,1,37
32,16,-1,64
32,16,1,65
32,17,-1,49
32,17,1,50
32,18,-1,80
32,18,1,81
32,19,-1,28
32,19,1,29
32,20,-1,25
32,20,1,25
33,1,-1,25
33,1,1,25
33,2,-1,25
33,2,1,25
33,3,-1,169
33,3,1,169
33,4,-1,58
33,4,1,59
33,5,-1,31
33,5,1,31
33,6,-1,25
33,6,1,25
33,7,-1,25
33,7,1,25
33,8,-1,60
33,8,1,60
33,9,-1,25
33,9,1,25
33,10,-1,65
33,10,1,66
33,11,-1,37
33,11,1,38
33,12,-1,25
33,12,1,25
33,13,-1,25
33,13,1,25
33,14,-1,25
33,14,1,25
33,15,-1,25
33,15,1,25
33,16,-1,25
33,16,1,25
33,17,-1,25
33,17,1,25
33,18,-1,31
33,18,1,32
33,19,-1,25
33,19,1,25
33,20,-1,27
33,20,1,28
34,1,-1,86
34,1,1,86
34,2,-1,111
34,2,1,111
34,3,-1,29
34,3,1,30
34,4,-1,48
34,4,1,48
34,5,-1,108
34,5,1,109
34,6,-1,55
34,6,1,55
34,7,-1,59
34,7,1,60
34,8,-1,36
34,8,1,37
34,9,-1,94
34,9,1,94
34,10,-1,77
34,10,1,78
34,11,-1,70
34,11,1,71
34,12,-1,42
34,12,1,42
34,13,-1,25
34,13,1,25
34,14,-1,63
34,14,1,64
34,15,-1,61
34,15,1,61
34,16,-1,61
34,16,1,62
34,17,-1,79
34,17,1,79
34,18,-1,31
34,18,1,31
34,19,-1,34
34,19,1,35
34,20,-1,105
34,20,1,105
35,1,-1,25
35,1,1,25
35,2,-1,25
35,2,1,25
35,3,-1,118
35,3,1,119
35,4,-1,36
35,4,1,37
35,5,-1,25
35,5,1,25
35,6,-1,64
35,6,1,65
35,7,-1,25
35,7,1,25
35,8,-1,43
35,8,1,44
35,9,-1,89
35,9,1,90
35,10,-1,25
35,10,1,25
35,11,-1,25
35,11,1,25
35,12,-1,111
35,12,1,111
35,13,-1,38
35,13,1,39
35,14,-1,34
35,14,1,35
35,15,-1,25
35,15,1,25
35,16,-1,25
35,16,1,25
35,17,-1,76
35,17,1,77
35,18,-1,72
35,18,1,72
35,19,-1,99
35,19,1,100
35,20,-1,76
35,20,1,76
36,1,-1,58
36,1,1,59
36,2,-1,25
36,2,1,25
36,3,-1,83
36,3,1,83
36,4,-1,52
36,4,1,52
36,5,-1,102
36,5,1,103
36,6,-1,41
36,6,1,42
36,7,-1,49
36,7,1,49
36,8,-1,94
36,8,1,94
36,9,-1,71
36,9,1,71
36,10,-1,67
36,10,1,67
36,11,-1,76
36,11,1,76
36,12,-1,57
36,12,1,58
36,13,-1,84
36,13,1,84
36,14,-1,33
36,14,1,34
36,15,-1,25
36,15,1,25
36,16,-1,89
36,16,1,90
36,17,-1,25
36,17,1,25
36,18,-1,25
36,18,1,25
36,19,-1,25
36,19,1,25
36,20,-1,25
36,20,1,25
37,1,-1,25
37,1,1,25
37,2,-1,25
37,2,1,25
37,3,-1,68
37,3,1,69
37,4,-1,25
37,4,1,25
37,5,-1,67
37,5,1,68
37,6,-1,129
37,6,1,129
37,7,-1,25
37,7,1,25
37,8,-1,34
37,8,1,35
37,9,-1,25
37,9,1,25
37,10,-1,53
37,10,1,54
37,11,-1,99
37,11,1,99
37,12,-1,108
37,12,1,109
37,13,-1,28
37,13,1,29
37,14,-1,51
37,14,1,51
37,15,-1,43
37,15,1,43
37,16,-1,25
37,16,1,25
37,17,-1,25
37,17,1,25
37,18,-1,71
37,18,1,72
37,19,-1,25
37,19,1,25
37,20,-1,70
37,20,1,70
38,1,-1,39
38,1,1,40
38,2,-1,54
38,2,1,55
38,3,-1,75
38,3,1,76
38,4,-1,25
38,4,1,25
38,5,-1,85
38,5,1,86
38,6,-1,25
38,6,1,25
38,7,-1,37
38,7,1,37
38,8,-1,93
38,8,1,93
38,9,-1,52
38,9,1,53
38,10,-1,69
38,10,1,69
38,11,-1,37
38,11,1,38
38,12,-1,25
38,12,1,25
38,13,-1,51
38,13,1,51
38,14,-1,53
38,14,1,53
38,15,-1,45
38,15,1,45
38,16,-1,40
38,16,1,41
38,17,-1,163
38,17,1,164
38,18,-1,68
38,18,1,69
38,19,-1,31
38,19,1,32
38,20,-1,65
38,20,1,66
39,1,-1,48
39,1,1,49
39,2,-1,25
39,2,1,25
39,3,-1,32
39,3,1,33
39,4,-1,27
39,4,1,27
39,5,-1,25
39,5,1,25
39,6,-1,39
39,6,1,40
39,7,-1,25
39,7,1,25
39,8,-1,93
39,8,1,94
39,9,-1,42
39,9,1,42
39,10,-1,25
39,10,1,25
39,11,-1,71
39,11,1,72
39,12,-1,109
39,12,1,110
39,13,-1,44
39,13,1,44
39,14,-1,40
39,14,1,41
39,15,-1,57
39,15,1,58
39,16,-1,25
39,16,1,25
39,17,-1,25
39,17,1,25
39,18,-1,80
39,18,1,81
39,19,-1,30
39,19,1,31
39,20,-1,46
39,20,1,47
40,1,-1,33
40,1,1,34
40,2,-1,47
40,2,1,47
40,3,-1,36
40,3,1,36
40,4,-1,25
40,4,1,25
40,5,-1,93
40,5,1,93
40,6,-1,78
40,6,1,78
40,7,-1,68
40,7,1,69
40,8,-1,25
40,8,1,25
40,9,-1,53
40,9,1,53
40,10,-1,76
40,10,1,77
40,11,-1,25
40,11,1,25
40,12,-1,25
40,12,1,25
40,13,-1,110
40,13,1,110
40,14,-1,25
40,14,1,25
40,15,-1,29
40,15,1,30
40,16,-1,25
40,16,1,25
40,17,-1,58
40,17,1,59
40,18,-1,60
40,18,1,60
40,19,-1,25
40,19,1,25
40,20,-1,107
40,20,1,107
41,1,-1,25
41,1,1,25
41,2,-1,25
41,2,1,25
41,3,-1,100
41,3,1,100
41,4,-1,72
41,4,1,72
41,5,-1,34
41,5,1,35
41,6,-1,25
41,6,1,25
41,7,-1,35
41,7,1,35
41,8,-1,97
41,8,1,98
41,9,-1,38
41,9,1,38
41,10,-1,25
41,10,1,25
41,11,-1,67
41,11,1,68
41,12,-1,162
41,12,1,162
41,13,-1,30
41,13,1,31
41,14,-1,25
41,14,1,25
41,15,-1,85
41,15,1,86
41,16,-1,44
41,16,1,44
41,17,-1,107
41,17,1,108
41,18,-1,69
41,18,1,70
41,19,-1,129
41,19,1,130
41,20,-1,48
41,20,1,48
42,1,-1,49
42,1,1,50
42,2,-1,117
42,2,1,118
42,3,-1,81
42,3,1,81
42,4,-1,57
42,4,1,58
42,5,-1,91
42,5,1,92
42,6,-1,76
42,6,1,77
42,7,-1,25
42,7,1,25
42,8,-1,45
42,8,1,46
42,9,-1,43
42,9,1,44
42,10,-1,29
42,10,1,30
42,11,-1,56
42,11,1,57
42,12,-1,25
42,12,1,25
42,13,-1,25
42,13,1,25
42,14,-1,95
42,14,1,95
42,15,-1,25
42,15,1,25
42,16,-1,45
42,16,1,46
42,17,-1,125
42,17,1,126
42,18,-1,106
42,18,1,106
42,19,-1,25
42,19,1,25
42,20,-1,45
42,20,1,46
43,1,-1,117
43,1,1,118
43,2,-1,38
43,2,1,39
43,3,-1,74
43,3,1,74
43,4,-1,55
43,4,1,55
43,5,-1,92
43,5,1,93
43,6,-1,63
43,6,1,63
43,7,-1,104
43,7,1,104
43,8,-1,29
43,8,1,30
43,9,-1,68
43,9,1,68
43,10,-1,110
43,10,1,111
43,11,-1,36
43,11,1,37
43,12,-1,71
43,12,1,71
43,13,-1,46
43,13,1,47
43,14,-1,122
43,14,1,123
43,15,-1,35
43,15,1,36
43,16,-1,25
43,16,1,25
43,17,-1,46
43,17,1,47
43,18,-1,25
43,18,1,25
43,19,-1,25
43,19,1,25
43,20,-1,82
43,20,1,83
44,1,-1,44
44,1,1,45
44,2,-1,29
44,2,1,30
44,3,-1,50
44,3,1,51
44,4,-1,76
44,4,1,76
44,5,-1,25
44,5,1,25
44,6,-1,36
44,6,1,37
44,7,-1,25
44,7,1,25
44,8,-1,56
44,8,1,57
44,9,-1,44
44,9,1,45
44,10,-1,25
44,10,1,25
44,11,-1,48
44,11,1,49
44,12,-1,76
44,12,1,77
44,13,-1,44
44,13,1,44
44,14,-1,25
44,14,1,25
44,15,-1,71
44,15,1,72
44,16,-1,47
44,16,1,47
44,17,-1,43
44,17,1,44
44,18,-1,25
44,18,1,25
44,19,-1,25
44,19,1,25
44,20,-1,50
44,20,1,50
45,1,-1,82
45,1,1,83
45,2,-1,72
45,2,1,72
45,3,-1,94
45,3,1,94
45,4,-1,70
45,4,1,71
45,5,-1,182
45,5,1,183
45,6,-1,101
45,6,1,102
45,7,-1,61
45,7,1,62
45,8,-1,51
45,8,1,52
45,9,-1,28
45,9,1,28
45,10,-1,25
45,10,1,25
45,11,-1,49
45,11,1,49
45,12,-1,144
45,12,1,144
45,13,-1,25
45,13,1,25
45,14,-1,130
45,14,1,131
45,15,-1,39
45,15,1,40
45,16,-1,25
45,16,1,25
45,17,-1,25
45,17,1,25
45,18,-1,117
45,18,1,117
45,19,-1,126
45,19,1,127
45,20,-1,104
45,20,1,104
46,1,-1,44
46,1,1,45
46,2,-1,110
46,2,1,110
46,3,-1,29
46,3,1,30
46,4,-1,91
46,4,1,92
46,5,-1,27
46,5,1,27
46,6,-1,132
46,6,1,132
46,7,-1,122
46,7,1,123
46,8,-1,75
46,8,1,76
46,9,-1,25
46,9,1,25
46,10,-1,89
46,10,1,89
46,11,-1,25
46,11,1,25
46,12,-1,29
46,12,1,29
46,13,-1,28
46,13,1,29
46,14,-1,70
46,14,1,70
46,15,-1,176
46,15,1,177
46,16,-1,32
46,16,1,32
46,17,-1,56
46,17,1,57
46,18,-1,55
46,18,1,56
46,19,-1,81
46,19,1,82
46,20,-1,25
46,20,1,25
47,1,-1,59
47,1,1,60
47,2,-1,40
47,2,1,40
47,3,-1,25
47,3,1,25
47,4,-1,124
47,4,1,125
47,5,-1,55
47,5,1,55
47,6,-1,64
47,6,1,65
47,7,-1,60
47,7,1,60
47,8,-1,32
47,8,1,32
47,9,-1,38
47,9,1,38
47,10,-1,25
47,10,1,25
47,11,-1,73
47,11,1,73
47,12,-1,25
47,12,1,25
47,13,-1,25
47,13,1,25
47,14,-1,124
47,14,1,125
47,15,-1,25
47,15,1,25
47,16,-1,57
47,16,1,58
47,17,-1,100
47,17,1,101
47,18,-1,68
47,18,1,69
47,19,-1,25
47,19,1,25
47,20,-1,78
47,20,1,78
48,1,-1,25
48,1,1,25
48,2,-1,71
48,2,1,72
48,3,-1,68
48,3,1,69
48,4,-1,29
48,4,1,30
48,5,-1,25
48,5,1,25
48,6,-1,87
48,6,1,87
48,7,-1,45
48,7,1,45
48,8,-1,67
48,8,1,67
48,9,-1,63
48,9,1,64
48,10,-1,25
48,10,1,25
48,11,-1,25
48,11,1,25
48,12,-1,40
48,12,1,40
48,13,-1,29
48,13,1,30
48,14,-1,27
48,14,1,28
48,15,-1,29
48,15,1,30
48,16,-1,60
48,16,1,61
48,17,-1,43
48,17,1,43
48,18,-1,78
48,18,1,78
48,19,-1,82
48,19,1,83
48,20,-1,46
48,20,1,46
49,1,-1,25
49,1,1,25
49,2,-1,109
49,2,1,110
49,3,-1,48
49,3,1,48
49,4,-1,25
49,4,1,25
49,5,-1,77
49,5,1,78
49,6,-1,56
49,6,1,57
49,7,-1,98
49,7,1,99
49,8,-1,77
49,8,1,78
49,9,-1,106
49,9,1,106
49,10,-1,61
49,10,1,61
49,11,-1,95
49,11,1,95
49,12,-1,25
49,12,1,25
49,13,-1,94
49,13,1,94
49,14,-1,113
49,14,1,113
49,15,-1,25
49,15,1,25
49,16,-1,25
49,16,1,25
49,17,-1,123
49,17,1,124
49,18,-1,49
49,18,1,50
49,19,-1,25
49,19,1,25
49,20,-1,159
49,20,1,159
